"0","rowSums(counts [, treated$id]) /4"
"1","ENSG00000000003 "
"1","ENSG00000000005 "
"1","ENSG00000000419 "
"1","ENSG00000000457 "
"1","ENSG00000000460 "
"1","
"
"1","         658.00 "
"1","           0.00 "
"1","         546.00 "
"1","         316.50 "
"1","          78.75 "
"1","
"
"1","ENSG00000000938 "
"1","ENSG00000000971 "
"1","ENSG00000001036 "
"1","ENSG00000001084 "
"1","ENSG00000001167 "
"1","
"
"1","           0.00 "
"1","        6687.50 "
"1","        1785.75 "
"1","         578.00 "
"1","         348.25 "
"1","
"
"1","ENSG00000001460 "
"1","ENSG00000001461 "
"1","ENSG00000001497 "
"1","ENSG00000001561 "
"1","ENSG00000001617 "
"1","
"
"1","         185.50 "
"1","        2701.25 "
"1","         519.50 "
"1","         106.75 "
"1","         543.50 "
"1","
"
"1","ENSG00000001626 "
"1","ENSG00000001629 "
"1","ENSG00000001630 "
"1","ENSG00000001631 "
"1","ENSG00000002016 "
"1","
"
"1","           8.00 "
"1","        1679.75 "
"1","         895.75 "
"1","         826.00 "
"1","         173.50 "
"1","
"
"1","ENSG00000002079 "
"1","ENSG00000002330 "
"1","ENSG00000002549 "
"1","ENSG00000002586 "
"1","ENSG00000002587 "
"1","
"
"1","           3.25 "
"1","         678.50 "
"1","        1256.75 "
"1","        8456.50 "
"1","           2.25 "
"1","
"
"1","ENSG00000002726 "
"1","ENSG00000002745 "
"1","ENSG00000002746 "
"1","ENSG00000002822 "
"1","ENSG00000002834 "
"1","
"
"1","           1.75 "
"1","           4.75 "
"1","         126.00 "
"1","         348.00 "
"1","        9618.25 "
"1","
"
"1","ENSG00000002919 "
"1","ENSG00000002933 "
"1","ENSG00000003056 "
"1","ENSG00000003096 "
"1","ENSG00000003137 "
"1","
"
"1","         270.75 "
"1","         527.50 "
"1","        1769.00 "
"1","         268.25 "
"1","          61.25 "
"1","
"
"1","ENSG00000003147 "
"1","ENSG00000003249 "
"1","ENSG00000003393 "
"1","ENSG00000003400 "
"1","ENSG00000003402 "
"1","
"
"1","          10.00 "
"1","         101.00 "
"1","         896.00 "
"1","          79.00 "
"1","        4612.50 "
"1","
"
"1","ENSG00000003436 "
"1","ENSG00000003509 "
"1","ENSG00000003756 "
"1","ENSG00000003987 "
"1","ENSG00000003989 "
"1","
"
"1","        4372.50 "
"1","         285.75 "
"1","        2724.50 "
"1","          36.25 "
"1","          52.25 "
"1","
"
"1","ENSG00000004059 "
"1","ENSG00000004139 "
"1","ENSG00000004142 "
"1","ENSG00000004399 "
"1","ENSG00000004455 "
"1","
"
"1","        1867.50 "
"1","         293.50 "
"1","        1527.50 "
"1","        3593.00 "
"1","        1215.00 "
"1","
"
"1","ENSG00000004468 "
"1","ENSG00000004478 "
"1","ENSG00000004487 "
"1","ENSG00000004534 "
"1","ENSG00000004660 "
"1","
"
"1","           6.25 "
"1","         603.75 "
"1","        1080.00 "
"1","        1129.00 "
"1","          60.75 "
"1","
"
"1","ENSG00000004700 "
"1","ENSG00000004766 "
"1","ENSG00000004776 "
"1","ENSG00000004777 "
"1","ENSG00000004779 "
"1","
"
"1","        1673.00 "
"1","         461.50 "
"1","       11041.50 "
"1","          80.50 "
"1","         374.25 "
"1","
"
"1","ENSG00000004799 "
"1","ENSG00000004809 "
"1","ENSG00000004838 "
"1","ENSG00000004846 "
"1","ENSG00000004848 "
"1","
"
"1","        1429.25 "
"1","           1.25 "
"1","          11.00 "
"1","          10.25 "
"1","           0.25 "
"1","
"
"1","ENSG00000004864 "
"1","ENSG00000004866 "
"1","ENSG00000004897 "
"1","ENSG00000004939 "
"1","ENSG00000004948 "
"1","
"
"1","         153.75 "
"1","         405.00 "
"1","        1552.25 "
"1","           7.00 "
"1","           0.00 "
"1","
"
"1","ENSG00000004961 "
"1","ENSG00000004975 "
"1","ENSG00000005001 "
"1","ENSG00000005007 "
"1","ENSG00000005020 "
"1","
"
"1","         401.25 "
"1","         854.50 "
"1","           0.00 "
"1","        2410.00 "
"1","         745.50 "
"1","
"
"1","ENSG00000005022 "
"1","ENSG00000005059 "
"1","ENSG00000005073 "
"1","ENSG00000005075 "
"1","ENSG00000005100 "
"1","
"
"1","        1230.50 "
"1","         212.25 "
"1","           0.25 "
"1","         631.75 "
"1","         546.50 "
"1","
"
"1","ENSG00000005102 "
"1","ENSG00000005108 "
"1","ENSG00000005156 "
"1","ENSG00000005175 "
"1","ENSG00000005187 "
"1","
"
"1","           0.00 "
"1","          16.25 "
"1","         248.25 "
"1","         328.00 "
"1","          22.00 "
"1","
"
"1","ENSG00000005189 "
"1","ENSG00000005194 "
"1","ENSG00000005206 "
"1","ENSG00000005238 "
"1","ENSG00000005243 "
"1","
"
"1","          62.50 "
"1","         476.25 "
"1","         713.75 "
"1","         644.25 "
"1","         899.00 "
"1","
"
"1","ENSG00000005249 "
"1","ENSG00000005302 "
"1","ENSG00000005339 "
"1","ENSG00000005379 "
"1","ENSG00000005381 "
"1","
"
"1","         344.25 "
"1","         488.25 "
"1","        2516.00 "
"1","         163.50 "
"1","           9.00 "
"1","
"
"1","ENSG00000005421 "
"1","ENSG00000005436 "
"1","ENSG00000005448 "
"1","ENSG00000005469 "
"1","ENSG00000005471 "
"1","
"
"1","           0.00 "
"1","         307.50 "
"1","         257.75 "
"1","         375.75 "
"1","          18.50 "
"1","
"
"1","ENSG00000005483 "
"1","ENSG00000005486 "
"1","ENSG00000005513 "
"1","ENSG00000005700 "
"1","ENSG00000005801 "
"1","
"
"1","        1873.75 "
"1","         821.00 "
"1","           3.25 "
"1","         553.00 "
"1","         195.00 "
"1","
"
"1","ENSG00000005810 "
"1","ENSG00000005812 "
"1","ENSG00000005844 "
"1","ENSG00000005882 "
"1","ENSG00000005884 "
"1","
"
"1","        2719.25 "
"1","        1616.25 "
"1","           2.00 "
"1","         984.50 "
"1","        1447.75 "
"1","
"
"1","ENSG00000005889 "
"1","ENSG00000005893 "
"1","ENSG00000005961 "
"1","ENSG00000005981 "
"1","ENSG00000006007 "
"1","
"
"1","         816.25 "
"1","        5032.25 "
"1","           7.50 "
"1","           5.00 "
"1","        2705.50 "
"1","
"
"1","ENSG00000006015 "
"1","ENSG00000006016 "
"1","ENSG00000006025 "
"1","ENSG00000006042 "
"1","ENSG00000006047 "
"1","
"
"1","         362.75 "
"1","         165.75 "
"1","         114.75 "
"1","        3136.75 "
"1","           0.50 "
"1","
"
"1","ENSG00000006059 "
"1","ENSG00000006062 "
"1","ENSG00000006071 "
"1","ENSG00000006116 "
"1","ENSG00000006118 "
"1","
"
"1","           0.00 "
"1","         201.75 "
"1","           0.00 "
"1","           0.25 "
"1","         365.00 "
"1","
"
"1","ENSG00000006125 "
"1","ENSG00000006128 "
"1","ENSG00000006194 "
"1","ENSG00000006210 "
"1","ENSG00000006282 "
"1","
"
"1","        6700.75 "
"1","           1.00 "
"1","         567.25 "
"1","          20.50 "
"1","        1318.75 "
"1","
"
"1","ENSG00000006283 "
"1","ENSG00000006327 "
"1","ENSG00000006377 "
"1","ENSG00000006432 "
"1","ENSG00000006451 "
"1","
"
"1","          40.00 "
"1","         610.50 "
"1","           0.25 "
"1","           6.00 "
"1","         866.00 "
"1","
"
"1","ENSG00000006453 "
"1","ENSG00000006459 "
"1","ENSG00000006468 "
"1","ENSG00000006530 "
"1","ENSG00000006534 "
"1","
"
"1","         187.00 "
"1","         384.50 "
"1","         214.00 "
"1","         280.50 "
"1","        1346.25 "
"1","
"
"1","ENSG00000006555 "
"1","ENSG00000006576 "
"1","ENSG00000006606 "
"1","ENSG00000006607 "
"1","ENSG00000006611 "
"1","
"
"1","           3.75 "
"1","         882.00 "
"1","           3.75 "
"1","        1102.50 "
"1","           0.00 "
"1","
"
"1","ENSG00000006625 "
"1","ENSG00000006634 "
"1","ENSG00000006638 "
"1","ENSG00000006652 "
"1","ENSG00000006659 "
"1","
"
"1","         175.25 "
"1","          72.75 "
"1","          49.50 "
"1","        1089.00 "
"1","           1.25 "
"1","
"
"1","ENSG00000006695 "
"1","ENSG00000006704 "
"1","ENSG00000006712 "
"1","ENSG00000006715 "
"1","ENSG00000006740 "
"1","
"
"1","         194.25 "
"1","         274.75 "
"1","         999.25 "
"1","        2091.75 "
"1","          43.25 "
"1","
"
"1","ENSG00000006744 "
"1","ENSG00000006747 "
"1","ENSG00000006756 "
"1","ENSG00000006757 "
"1","ENSG00000006788 "
"1","
"
"1","        1013.00 "
"1","          31.50 "
"1","         523.25 "
"1","         165.25 "
"1","          19.75 "
"1","
"
"1","ENSG00000006831 "
"1","ENSG00000006837 "
"1","ENSG00000007001 "
"1","ENSG00000007038 "
"1","ENSG00000007047 "
"1","
"
"1","        1148.25 "
"1","          65.50 "
"1","           1.75 "
"1","           1.00 "
"1","         793.50 "
"1","
"
"1","ENSG00000007062 "
"1","ENSG00000007080 "
"1","ENSG00000007129 "
"1","ENSG00000007168 "
"1","ENSG00000007171 "
"1","
"
"1","           2.00 "
"1","         725.00 "
"1","           0.00 "
"1","        3992.00 "
"1","           1.25 "
"1","
"
"1","ENSG00000007174 "
"1","ENSG00000007202 "
"1","ENSG00000007216 "
"1","ENSG00000007237 "
"1","ENSG00000007255 "
"1","
"
"1","           2.75 "
"1","        6563.50 "
"1","           0.00 "
"1","         290.75 "
"1","         135.50 "
"1","
"
"1","ENSG00000007264 "
"1","ENSG00000007306 "
"1","ENSG00000007312 "
"1","ENSG00000007314 "
"1","ENSG00000007341 "
"1","
"
"1","           3.00 "
"1","           0.00 "
"1","           2.00 "
"1","           0.50 "
"1","         309.50 "
"1","
"
"1","ENSG00000007350 "
"1","ENSG00000007372 "
"1","ENSG00000007376 "
"1","ENSG00000007384 "
"1","ENSG00000007392 "
"1","
"
"1","           0.00 "
"1","          43.75 "
"1","         270.50 "
"1","        1853.00 "
"1","         644.25 "
"1","
"
"1","ENSG00000007402 "
"1","ENSG00000007516 "
"1","ENSG00000007520 "
"1","ENSG00000007541 "
"1","ENSG00000007545 "
"1","
"
"1","          26.25 "
"1","           9.25 "
"1","         599.00 "
"1","         698.00 "
"1","         638.25 "
"1","
"
"1","ENSG00000007866 "
"1","ENSG00000007908 "
"1","ENSG00000007923 "
"1","ENSG00000007933 "
"1","ENSG00000007944 "
"1","
"
"1","        1855.50 "
"1","           0.00 "
"1","         964.75 "
"1","         770.00 "
"1","         286.75 "
"1","
"
"1","ENSG00000007952 "
"1","ENSG00000007968 "
"1","ENSG00000008018 "
"1","ENSG00000008056 "
"1","ENSG00000008083 "
"1","
"
"1","          13.00 "
"1","           4.00 "
"1","        1484.50 "
"1","          20.75 "
"1","         353.50 "
"1","
"
"1","ENSG00000008086 "
"1","ENSG00000008118 "
"1","ENSG00000008128 "
"1","ENSG00000008130 "
"1","ENSG00000008196 "
"1","
"
"1","         354.00 "
"1","           4.75 "
"1","         549.75 "
"1","        2093.00 "
"1","           0.50 "
"1","
"
"1","ENSG00000008197 "
"1","ENSG00000008226 "
"1","ENSG00000008256 "
"1","ENSG00000008277 "
"1","ENSG00000008282 "
"1","
"
"1","           0.00 "
"1","           7.50 "
"1","        5247.00 "
"1","          17.50 "
"1","        2080.50 "
"1","
"
"1","ENSG00000008283 "
"1","ENSG00000008294 "
"1","ENSG00000008300 "
"1","ENSG00000008311 "
"1","ENSG00000008323 "
"1","
"
"1","         529.50 "
"1","        2724.75 "
"1","         109.00 "
"1","         929.00 "
"1","          13.00 "
"1","
"
"1","ENSG00000008324 "
"1","ENSG00000008382 "
"1","ENSG00000008394 "
"1","ENSG00000008405 "
"1","ENSG00000008438 "
"1","
"
"1","         137.75 "
"1","         169.25 "
"1","        3946.50 "
"1","         284.75 "
"1","           2.75 "
"1","
"
"1","ENSG00000008441 "
"1","ENSG00000008513 "
"1","ENSG00000008516 "
"1","ENSG00000008517 "
"1","ENSG00000008710 "
"1","
"
"1","        9544.25 "
"1","        1313.50 "
"1","          24.00 "
"1","          77.00 "
"1","        5727.00 "
"1","
"
"1","ENSG00000008735 "
"1","ENSG00000008838 "
"1","ENSG00000008853 "
"1","ENSG00000008869 "
"1","ENSG00000008952 "
"1","
"
"1","          21.00 "
"1","        1145.00 "
"1","         936.00 "
"1","         720.25 "
"1","        5338.50 "
"1","
"
"1","ENSG00000008988 "
"1","ENSG00000009307 "
"1","ENSG00000009335 "
"1","ENSG00000009413 "
"1","ENSG00000009694 "
"1","
"
"1","       10446.00 "
"1","       15369.25 "
"1","        2218.00 "
"1","       10538.75 "
"1","          13.25 "
"1","
"
"1","ENSG00000009709 "
"1","ENSG00000009724 "
"1","ENSG00000009765 "
"1","ENSG00000009780 "
"1","ENSG00000009790 "
"1","
"
"1","           0.00 "
"1","          31.75 "
"1","          16.50 "
"1","         192.00 "
"1","           6.25 "
"1","
"
"1","ENSG00000009830 "
"1","ENSG00000009844 "
"1","ENSG00000009950 "
"1","ENSG00000009954 "
"1","ENSG00000010017 "
"1","
"
"1","         438.50 "
"1","         831.25 "
"1","           7.75 "
"1","        2835.75 "
"1","        2606.00 "
"1","
"
"1","ENSG00000010030 "
"1","ENSG00000010072 "
"1","ENSG00000010165 "
"1","ENSG00000010219 "
"1","ENSG00000010244 "
"1","
"
"1","          12.00 "
"1","         158.25 "
"1","         838.25 "
"1","         215.00 "
"1","        2784.75 "
"1","
"
"1","ENSG00000010256 "
"1","ENSG00000010270 "
"1","ENSG00000010278 "
"1","ENSG00000010282 "
"1","ENSG00000010292 "
"1","
"
"1","        2082.25 "
"1","         754.50 "
"1","        4328.75 "
"1","           0.00 "
"1","        1222.00 "
"1","
"
"1","ENSG00000010295 "
"1","ENSG00000010310 "
"1","ENSG00000010318 "
"1","ENSG00000010319 "
"1","ENSG00000010322 "
"1","
"
"1","        1109.50 "
"1","          16.25 "
"1","          73.25 "
"1","           2.00 "
"1","        2323.75 "
"1","
"
"1","ENSG00000010327 "
"1","ENSG00000010361 "
"1","ENSG00000010379 "
"1","ENSG00000010404 "
"1","ENSG00000010438 "
"1","
"
"1","           0.50 "
"1","         246.50 "
"1","           0.50 "
"1","        3068.75 "
"1","          20.00 "
"1","
"
"1","ENSG00000010539 "
"1","ENSG00000010610 "
"1","ENSG00000010626 "
"1","ENSG00000010671 "
"1","ENSG00000010704 "
"1","
"
"1","         144.00 "
"1","          54.75 "
"1","         129.25 "
"1","           0.25 "
"1","         412.75 "
"1","
"
"1","ENSG00000010803 "
"1","ENSG00000010810 "
"1","ENSG00000010818 "
"1","ENSG00000010932 "
"1","ENSG00000011007 "
"1","
"
"1","         757.50 "
"1","        1689.75 "
"1","        1309.00 "
"1","          29.50 "
"1","        1393.75 "
"1","
"
"1","ENSG00000011009 "
"1","ENSG00000011021 "
"1","ENSG00000011028 "
"1","ENSG00000011052 "
"1","ENSG00000011083 "
"1","
"
"1","         483.50 "
"1","         662.00 "
"1","       14996.75 "
"1","         196.00 "
"1","           0.25 "
"1","
"
"1","ENSG00000011105 "
"1","ENSG00000011114 "
"1","ENSG00000011132 "
"1","ENSG00000011143 "
"1","ENSG00000011198 "
"1","
"
"1","        3807.50 "
"1","         630.00 "
"1","         215.50 "
"1","         138.50 "
"1","        1517.50 "
"1","
"
"1","ENSG00000011201 "
"1","ENSG00000011243 "
"1","ENSG00000011258 "
"1","ENSG00000011260 "
"1","ENSG00000011275 "
"1","
"
"1","           0.25 "
"1","         709.00 "
"1","         319.00 "
"1","         423.25 "
"1","        1691.25 "
"1","
"
"1","ENSG00000011295 "
"1","ENSG00000011304 "
"1","ENSG00000011332 "
"1","ENSG00000011347 "
"1","ENSG00000011376 "
"1","
"
"1","         423.25 "
"1","        4033.75 "
"1","          22.25 "
"1","         107.25 "
"1","         418.00 "
"1","
"
"1","ENSG00000011405 "
"1","ENSG00000011422 "
"1","ENSG00000011426 "
"1","ENSG00000011451 "
"1","ENSG00000011454 "
"1","
"
"1","        1729.00 "
"1","         389.50 "
"1","         220.25 "
"1","        1495.25 "
"1","        2569.50 "
"1","
"
"1","ENSG00000011465 "
"1","ENSG00000011478 "
"1","ENSG00000011485 "
"1","ENSG00000011523 "
"1","ENSG00000011566 "
"1","
"
"1","      273445.50 "
"1","         182.50 "
"1","        1205.00 "
"1","         874.25 "
"1","        1815.75 "
"1","
"
"1","ENSG00000011590 "
"1","ENSG00000011600 "
"1","ENSG00000011638 "
"1","ENSG00000011677 "
"1","ENSG00000012048 "
"1","
"
"1","           2.75 "
"1","           1.50 "
"1","         865.50 "
"1","           2.25 "
"1","         129.25 "
"1","
"
"1","ENSG00000012061 "
"1","ENSG00000012124 "
"1","ENSG00000012171 "
"1","ENSG00000012174 "
"1","ENSG00000012211 "
"1","
"
"1","        1118.50 "
"1","           1.25 "
"1","         919.25 "
"1","         754.50 "
"1","         134.75 "
"1","
"
"1","ENSG00000012223 "
"1","ENSG00000012232 "
"1","ENSG00000012504 "
"1","ENSG00000012660 "
"1","ENSG00000012779 "
"1","
"
"1","           2.00 "
"1","        1325.50 "
"1","           0.25 "
"1","        2657.25 "
"1","           0.25 "
"1","
"
"1","ENSG00000012817 "
"1","ENSG00000012822 "
"1","ENSG00000012963 "
"1","ENSG00000012983 "
"1","ENSG00000013016 "
"1","
"
"1","         643.50 "
"1","        6851.25 "
"1","         319.75 "
"1","        1979.50 "
"1","        2308.25 "
"1","
"
"1","ENSG00000013275 "
"1","ENSG00000013288 "
"1","ENSG00000013293 "
"1","ENSG00000013297 "
"1","ENSG00000013306 "
"1","
"
"1","         502.25 "
"1","        3259.25 "
"1","         122.00 "
"1","        1514.75 "
"1","         990.25 "
"1","
"
"1","ENSG00000013364 "
"1","ENSG00000013374 "
"1","ENSG00000013375 "
"1","ENSG00000013392 "
"1","ENSG00000013441 "
"1","
"
"1","        8505.00 "
"1","        1496.00 "
"1","        1217.25 "
"1","         205.75 "
"1","        2856.75 "
"1","
"
"1","ENSG00000013503 "
"1","ENSG00000013523 "
"1","ENSG00000013561 "
"1","ENSG00000013563 "
"1","ENSG00000013573 "
"1","
"
"1","         281.25 "
"1","         319.25 "
"1","        1014.25 "
"1","         545.00 "
"1","         204.00 "
"1","
"
"1","ENSG00000013583 "
"1","ENSG00000013588 "
"1","ENSG00000013619 "
"1","ENSG00000013725 "
"1","ENSG00000013810 "
"1","
"
"1","        1611.50 "
"1","         543.50 "
"1","        1231.50 "
"1","           7.50 "
"1","          99.00 "
"1","
"
"1","ENSG00000014123 "
"1","ENSG00000014138 "
"1","ENSG00000014164 "
"1","ENSG00000014216 "
"1","ENSG00000014257 "
"1","
"
"1","         824.25 "
"1","         142.00 "
"1","         444.00 "
"1","        3822.50 "
"1","          13.25 "
"1","
"
"1","ENSG00000014641 "
"1","ENSG00000014824 "
"1","ENSG00000014914 "
"1","ENSG00000014919 "
"1","ENSG00000015133 "
"1","
"
"1","        1418.75 "
"1","        1418.00 "
"1","         469.75 "
"1","         555.75 "
"1","           4.75 "
"1","
"
"1","ENSG00000015153 "
"1","ENSG00000015171 "
"1","ENSG00000015285 "
"1","ENSG00000015413 "
"1","ENSG00000015475 "
"1","
"
"1","         249.00 "
"1","        2108.75 "
"1","           5.25 "
"1","           3.00 "
"1","         332.50 "
"1","
"
"1","ENSG00000015479 "
"1","ENSG00000015520 "
"1","ENSG00000015532 "
"1","ENSG00000015568 "
"1","ENSG00000015592 "
"1","
"
"1","        4394.50 "
"1","           6.00 "
"1","         679.75 "
"1","         132.75 "
"1","           2.25 "
"1","
"
"1","ENSG00000015676 "
"1","ENSG00000016082 "
"1","ENSG00000016391 "
"1","ENSG00000016402 "
"1","ENSG00000016490 "
"1","
"
"1","        1544.50 "
"1","           0.00 "
"1","          62.25 "
"1","           5.50 "
"1","           0.25 "
"1","
"
"1","ENSG00000016602 "
"1","ENSG00000016864 "
"1","ENSG00000017260 "
"1","ENSG00000017427 "
"1","ENSG00000017483 "
"1","
"
"1","           0.00 "
"1","        1529.75 "
"1","        2569.25 "
"1","         682.00 "
"1","         320.50 "
"1","
"
"1","ENSG00000017797 "
"1","ENSG00000018189 "
"1","ENSG00000018236 "
"1","ENSG00000018280 "
"1","ENSG00000018408 "
"1","
"
"1","        3948.75 "
"1","         858.00 "
"1","          43.25 "
"1","          17.00 "
"1","        2931.00 "
"1","
"
"1","ENSG00000018510 "
"1","ENSG00000018607 "
"1","ENSG00000018610 "
"1","ENSG00000018625 "
"1","ENSG00000018699 "
"1","
"
"1","         826.50 "
"1","           0.00 "
"1","         258.25 "
"1","         377.50 "
"1","         267.75 "
"1","
"
"1","ENSG00000018869 "
"1","ENSG00000019102 "
"1","ENSG00000019144 "
"1","ENSG00000019169 "
"1","ENSG00000019186 "
"1","
"
"1","          58.75 "
"1","           9.25 "
"1","        3868.00 "
"1","           0.50 "
"1","           1.75 "
"1","
"
"1","ENSG00000019485 "
"1","ENSG00000019505 "
"1","ENSG00000019549 "
"1","ENSG00000019582 "
"1","ENSG00000019991 "
"1","
"
"1","         358.75 "
"1","           1.50 "
"1","        3075.75 "
"1","          34.00 "
"1","         832.00 "
"1","
"
"1","ENSG00000019995 "
"1","ENSG00000020129 "
"1","ENSG00000020181 "
"1","ENSG00000020219 "
"1","ENSG00000020256 "
"1","
"
"1","        2798.50 "
"1","         913.75 "
"1","        8666.00 "
"1","           0.00 "
"1","         284.75 "
"1","
"
"1","ENSG00000020426 "
"1","ENSG00000020577 "
"1","ENSG00000020633 "
"1","ENSG00000020922 "
"1","ENSG00000021300 "
"1","
"
"1","         240.75 "
"1","        4303.50 "
"1","         103.00 "
"1","         546.50 "
"1","          13.00 "
"1","
"
"1","ENSG00000021355 "
"1","ENSG00000021461 "
"1","ENSG00000021488 "
"1","ENSG00000021574 "
"1","ENSG00000021645 "
"1","
"
"1","         717.75 "
"1","           3.00 "
"1","           2.75 "
"1","         497.50 "
"1","          55.00 "
"1","
"
"1","ENSG00000021762 "
"1","ENSG00000021776 "
"1","ENSG00000021826 "
"1","ENSG00000021852 "
"1","ENSG00000022267 "
"1","
"
"1","        1626.75 "
"1","        1415.50 "
"1","         281.25 "
"1","           0.00 "
"1","       11955.25 "
"1","
"
"1","ENSG00000022277 "
"1","ENSG00000022355 "
"1","ENSG00000022556 "
"1","ENSG00000022567 "
"1","ENSG00000022840 "
"1","
"
"1","        2121.25 "
"1","           0.00 "
"1","           2.50 "
"1","         161.50 "
"1","        2786.00 "
"1","
"
"1","ENSG00000022976 "
"1","ENSG00000023041 "
"1","ENSG00000023171 "
"1","ENSG00000023191 "
"1","ENSG00000023228 "
"1","
"
"1","         167.00 "
"1","         694.00 "
"1","          78.50 "
"1","        2436.00 "
"1","        1853.25 "
"1","
"
"1","ENSG00000023287 "
"1","ENSG00000023318 "
"1","ENSG00000023330 "
"1","ENSG00000023445 "
"1","ENSG00000023516 "
"1","
"
"1","        2910.00 "
"1","        1504.50 "
"1","         885.75 "
"1","          59.25 "
"1","        1841.25 "
"1","
"
"1","ENSG00000023572 "
"1","ENSG00000023608 "
"1","ENSG00000023697 "
"1","ENSG00000023734 "
"1","ENSG00000023839 "
"1","
"
"1","         100.00 "
"1","         485.00 "
"1","         508.75 "
"1","        2165.25 "
"1","          24.75 "
"1","
"
"1","ENSG00000023892 "
"1","ENSG00000023902 "
"1","ENSG00000023909 "
"1","ENSG00000024048 "
"1","ENSG00000024422 "
"1","
"
"1","           5.50 "
"1","         828.00 "
"1","        2747.00 "
"1","        1380.50 "
"1","       12507.50 "
"1","
"
"1","ENSG00000024526 "
"1","ENSG00000024862 "
"1","ENSG00000025039 "
"1","ENSG00000025156 "
"1","ENSG00000025293 "
"1","
"
"1","          17.50 "
"1","         224.00 "
"1","           9.50 "
"1","         230.75 "
"1","        1515.00 "
"1","
"
"1","ENSG00000025423 "
"1","ENSG00000025434 "
"1","ENSG00000025708 "
"1","ENSG00000025770 "
"1","ENSG00000025772 "
"1","
"
"1","          54.25 "
"1","         401.00 "
"1","         297.00 "
"1","         321.75 "
"1","         640.75 "
"1","
"
"1","ENSG00000025796 "
"1","ENSG00000025800 "
"1","ENSG00000026025 "
"1","ENSG00000026036 "
"1","ENSG00000026103 "
"1","
"
"1","        3429.25 "
"1","        2201.00 "
"1","       74238.00 "
"1","         151.25 "
"1","        1122.00 "
"1","
"
"1","ENSG00000026297 "
"1","ENSG00000026508 "
"1","ENSG00000026559 "
"1","ENSG00000026652 "
"1","ENSG00000026751 "
"1","
"
"1","         189.75 "
"1","       20689.25 "
"1","          21.25 "
"1","         327.75 "
"1","           2.00 "
"1","
"
"1","ENSG00000026950 "
"1","ENSG00000027001 "
"1","ENSG00000027075 "
"1","ENSG00000027644 "
"1","ENSG00000027697 "
"1","
"
"1","         486.75 "
"1","         496.00 "
"1","         121.50 "
"1","           0.25 "
"1","        1573.50 "
"1","
"
"1","ENSG00000027847 "
"1","ENSG00000027869 "
"1","ENSG00000028116 "
"1","ENSG00000028137 "
"1","ENSG00000028203 "
"1","
"
"1","         433.75 "
"1","           0.25 "
"1","         276.50 "
"1","         661.75 "
"1","        1141.25 "
"1","
"
"1","ENSG00000028277 "
"1","ENSG00000028310 "
"1","ENSG00000028528 "
"1","ENSG00000028839 "
"1","ENSG00000029153 "
"1","
"
"1","          22.00 "
"1","         584.25 "
"1","        3444.25 "
"1","         447.75 "
"1","         318.00 "
"1","
"
"1","ENSG00000029363 "
"1","ENSG00000029364 "
"1","ENSG00000029534 "
"1","ENSG00000029559 "
"1","ENSG00000029639 "
"1","
"
"1","        3101.25 "
"1","        1333.75 "
"1","          87.50 "
"1","           0.25 "
"1","         115.50 "
"1","
"
"1","ENSG00000029725 "
"1","ENSG00000029993 "
"1","ENSG00000030066 "
"1","ENSG00000030110 "
"1","ENSG00000030304 "
"1","
"
"1","        1900.75 "
"1","         517.75 "
"1","         908.25 "
"1","         190.75 "
"1","          27.25 "
"1","
"
"1","ENSG00000030419 "
"1","ENSG00000030582 "
"1","ENSG00000031003 "
"1","ENSG00000031081 "
"1","ENSG00000031691 "
"1","
"
"1","         270.25 "
"1","       10056.75 "
"1","        1383.50 "
"1","         262.50 "
"1","          86.50 "
"1","
"
"1","ENSG00000031698 "
"1","ENSG00000031823 "
"1","ENSG00000032219 "
"1","ENSG00000032389 "
"1","ENSG00000032444 "
"1","
"
"1","        2258.50 "
"1","        1269.00 "
"1","         612.25 "
"1","         212.75 "
"1","        1558.75 "
"1","
"
"1","ENSG00000032742 "
"1","ENSG00000033011 "
"1","ENSG00000033030 "
"1","ENSG00000033050 "
"1","ENSG00000033100 "
"1","
"
"1","         171.25 "
"1","         514.50 "
"1","         390.25 "
"1","        1425.50 "
"1","        2449.50 "
"1","
"
"1","ENSG00000033122 "
"1","ENSG00000033170 "
"1","ENSG00000033178 "
"1","ENSG00000033327 "
"1","ENSG00000033627 "
"1","
"
"1","           6.75 "
"1","        1315.00 "
"1","         841.50 "
"1","        1424.25 "
"1","        1084.75 "
"1","
"
"1","ENSG00000033800 "
"1","ENSG00000033867 "
"1","ENSG00000034053 "
"1","ENSG00000034152 "
"1","ENSG00000034239 "
"1","
"
"1","        1025.00 "
"1","        1522.25 "
"1","          36.25 "
"1","        1435.50 "
"1","           7.50 "
"1","
"
"1","ENSG00000034510 "
"1","ENSG00000034533 "
"1","ENSG00000034677 "
"1","ENSG00000034693 "
"1","ENSG00000034713 "
"1","
"
"1","       12363.75 "
"1","          91.75 "
"1","         849.00 "
"1","         261.75 "
"1","        1519.75 "
"1","
"
"1","ENSG00000034971 "
"1","ENSG00000035115 "
"1","ENSG00000035141 "
"1","ENSG00000035403 "
"1","ENSG00000035499 "
"1","
"
"1","         392.25 "
"1","         375.50 "
"1","         398.50 "
"1","       21024.00 "
"1","           9.25 "
"1","
"
"1","ENSG00000035664 "
"1","ENSG00000035681 "
"1","ENSG00000035687 "
"1","ENSG00000035720 "
"1","ENSG00000035862 "
"1","
"
"1","        1039.00 "
"1","         895.00 "
"1","         805.25 "
"1","           0.00 "
"1","       58635.75 "
"1","
"
"1","ENSG00000035928 "
"1","ENSG00000036054 "
"1","ENSG00000036257 "
"1","ENSG00000036448 "
"1","ENSG00000036473 "
"1","
"
"1","         991.00 "
"1","        1327.00 "
"1","        1680.50 "
"1","           5.50 "
"1","           0.00 "
"1","
"
"1","ENSG00000036530 "
"1","ENSG00000036549 "
"1","ENSG00000036565 "
"1","ENSG00000036672 "
"1","ENSG00000036828 "
"1","
"
"1","          39.75 "
"1","         838.75 "
"1","           4.25 "
"1","          20.75 "
"1","           0.00 "
"1","
"
"1","ENSG00000037042 "
"1","ENSG00000037241 "
"1","ENSG00000037280 "
"1","ENSG00000037474 "
"1","ENSG00000037637 "
"1","
"
"1","         398.00 "
"1","         332.00 "
"1","          11.00 "
"1","         805.75 "
"1","         661.50 "
"1","
"
"1","ENSG00000037749 "
"1","ENSG00000037757 "
"1","ENSG00000037897 "
"1","ENSG00000037965 "
"1","ENSG00000038002 "
"1","
"
"1","         492.25 "
"1","         364.00 "
"1","          70.25 "
"1","          21.00 "
"1","         524.25 "
"1","
"
"1","ENSG00000038210 "
"1","ENSG00000038219 "
"1","ENSG00000038274 "
"1","ENSG00000038295 "
"1","ENSG00000038358 "
"1","
"
"1","         353.75 "
"1","        2400.75 "
"1","        1939.75 "
"1","           7.00 "
"1","        1028.00 "
"1","
"
"1","ENSG00000038382 "
"1","ENSG00000038427 "
"1","ENSG00000038532 "
"1","ENSG00000038945 "
"1","ENSG00000039068 "
"1","
"
"1","        5733.75 "
"1","        8237.50 "
"1","         558.25 "
"1","         120.75 "
"1","           6.75 "
"1","
"
"1","ENSG00000039123 "
"1","ENSG00000039139 "
"1","ENSG00000039319 "
"1","ENSG00000039523 "
"1","ENSG00000039537 "
"1","
"
"1","        1237.25 "
"1","         231.75 "
"1","        1043.25 "
"1","        1838.75 "
"1","          40.25 "
"1","
"
"1","ENSG00000039560 "
"1","ENSG00000039600 "
"1","ENSG00000039650 "
"1","ENSG00000039987 "
"1","ENSG00000040199 "
"1","
"
"1","        6243.25 "
"1","           4.75 "
"1","         314.00 "
"1","           2.25 "
"1","         369.25 "
"1","
"
"1","ENSG00000040275 "
"1","ENSG00000040341 "
"1","ENSG00000040487 "
"1","ENSG00000040531 "
"1","ENSG00000040608 "
"1","
"
"1","         189.50 "
"1","         673.75 "
"1","         257.75 "
"1","         544.75 "
"1","           0.75 "
"1","
"
"1","ENSG00000040633 "
"1","ENSG00000040731 "
"1","ENSG00000040933 "
"1","ENSG00000041353 "
"1","ENSG00000041357 "
"1","
"
"1","         742.75 "
"1","          29.75 "
"1","         700.75 "
"1","          34.25 "
"1","        1174.25 "
"1","
"
"1","ENSG00000041515 "
"1","ENSG00000041802 "
"1","ENSG00000041880 "
"1","ENSG00000041982 "
"1","ENSG00000041988 "
"1","
"
"1","           7.50 "
"1","         592.00 "
"1","         365.50 "
"1","        2529.00 "
"1","         183.50 "
"1","
"
"1","ENSG00000042062 "
"1","ENSG00000042088 "
"1","ENSG00000042286 "
"1","ENSG00000042304 "
"1","ENSG00000042317 "
"1","
"
"1","        1599.00 "
"1","         168.50 "
"1","         735.50 "
"1","           6.50 "
"1","         180.25 "
"1","
"
"1","ENSG00000042429 "
"1","ENSG00000042445 "
"1","ENSG00000042493 "
"1","ENSG00000042753 "
"1","ENSG00000042781 "
"1","
"
"1","         459.75 "
"1","        1350.25 "
"1","         958.75 "
"1","        1276.00 "
"1","           3.25 "
"1","
"
"1","ENSG00000042813 "
"1","ENSG00000042832 "
"1","ENSG00000042980 "
"1","ENSG00000043039 "
"1","ENSG00000043093 "
"1","
"
"1","           0.00 "
"1","          39.50 "
"1","          23.75 "
"1","           1.50 "
"1","         668.75 "
"1","
"
"1","ENSG00000043143 "
"1","ENSG00000043355 "
"1","ENSG00000043462 "
"1","ENSG00000043514 "
"1","ENSG00000043591 "
"1","
"
"1","        1683.50 "
"1","           0.00 "
"1","           0.00 "
"1","         219.00 "
"1","           2.00 "
"1","
"
"1","ENSG00000044012 "
"1","ENSG00000044090 "
"1","ENSG00000044115 "
"1","ENSG00000044446 "
"1","ENSG00000044459 "
"1","
"
"1","           0.00 "
"1","        1024.75 "
"1","        8037.00 "
"1","         465.50 "
"1","         443.25 "
"1","
"
"1","ENSG00000044524 "
"1","ENSG00000044574 "
"1","ENSG00000046604 "
"1","ENSG00000046647 "
"1","ENSG00000046651 "
"1","
"
"1","          46.00 "
"1","       17619.00 "
"1","          22.00 "
"1","         338.75 "
"1","         559.50 "
"1","
"
"1","ENSG00000046653 "
"1","ENSG00000046774 "
"1","ENSG00000046889 "
"1","ENSG00000047056 "
"1","ENSG00000047188 "
"1","
"
"1","        2126.50 "
"1","           0.50 "
"1","          25.25 "
"1","         573.75 "
"1","         739.50 "
"1","
"
"1","ENSG00000047230 "
"1","ENSG00000047249 "
"1","ENSG00000047315 "
"1","ENSG00000047346 "
"1","ENSG00000047365 "
"1","
"
"1","         302.75 "
"1","         834.00 "
"1","        2354.75 "
"1","         685.25 "
"1","          36.25 "
"1","
"
"1","ENSG00000047410 "
"1","ENSG00000047457 "
"1","ENSG00000047578 "
"1","ENSG00000047579 "
"1","ENSG00000047597 "
"1","
"
"1","        4503.75 "
"1","          17.75 "
"1","         801.25 "
"1","         240.75 "
"1","           1.50 "
"1","
"
"1","ENSG00000047617 "
"1","ENSG00000047621 "
"1","ENSG00000047634 "
"1","ENSG00000047644 "
"1","ENSG00000047648 "
"1","
"
"1","          13.75 "
"1","         323.00 "
"1","         470.25 "
"1","        1762.75 "
"1","         447.75 "
"1","
"
"1","ENSG00000047662 "
"1","ENSG00000047849 "
"1","ENSG00000047932 "
"1","ENSG00000047936 "
"1","ENSG00000048028 "
"1","
"
"1","           7.75 "
"1","       16989.25 "
"1","        1386.75 "
"1","           1.50 "
"1","         592.75 "
"1","
"
"1","ENSG00000048052 "
"1","ENSG00000048140 "
"1","ENSG00000048162 "
"1","ENSG00000048342 "
"1","ENSG00000048392 "
"1","
"
"1","         310.50 "
"1","         987.25 "
"1","         220.25 "
"1","         739.00 "
"1","        1356.50 "
"1","
"
"1","ENSG00000048405 "
"1","ENSG00000048462 "
"1","ENSG00000048471 "
"1","ENSG00000048540 "
"1","ENSG00000048544 "
"1","
"
"1","         401.50 "
"1","           0.50 "
"1","        2364.25 "
"1","          87.25 "
"1","         688.75 "
"1","
"
"1","ENSG00000048545 "
"1","ENSG00000048649 "
"1","ENSG00000048707 "
"1","ENSG00000048740 "
"1","ENSG00000048828 "
"1","
"
"1","           2.25 "
"1","        1611.25 "
"1","        4023.75 "
"1","        7068.00 "
"1","        4333.50 "
"1","
"
"1","ENSG00000048991 "
"1","ENSG00000049089 "
"1","ENSG00000049130 "
"1","ENSG00000049167 "
"1","ENSG00000049192 "
"1","
"
"1","         461.00 "
"1","          47.00 "
"1","        3000.50 "
"1","         145.25 "
"1","         144.75 "
"1","
"
"1","ENSG00000049239 "
"1","ENSG00000049245 "
"1","ENSG00000049246 "
"1","ENSG00000049247 "
"1","ENSG00000049249 "
"1","
"
"1","        6696.25 "
"1","        3434.25 "
"1","          93.00 "
"1","           0.25 "
"1","          24.25 "
"1","
"
"1","ENSG00000049283 "
"1","ENSG00000049323 "
"1","ENSG00000049449 "
"1","ENSG00000049540 "
"1","ENSG00000049541 "
"1","
"
"1","           7.50 "
"1","       24518.50 "
"1","        5924.25 "
"1","        9276.00 "
"1","         118.75 "
"1","
"
"1","ENSG00000049618 "
"1","ENSG00000049656 "
"1","ENSG00000049759 "
"1","ENSG00000049768 "
"1","ENSG00000049769 "
"1","
"
"1","        1653.00 "
"1","        1325.00 "
"1","         902.50 "
"1","           4.25 "
"1","          78.75 "
"1","
"
"1","ENSG00000049860 "
"1","ENSG00000049883 "
"1","ENSG00000050030 "
"1","ENSG00000050130 "
"1","ENSG00000050165 "
"1","
"
"1","        4431.75 "
"1","         319.25 "
"1","           0.25 "
"1","        1002.75 "
"1","       18895.75 "
"1","
"
"1","ENSG00000050327 "
"1","ENSG00000050344 "
"1","ENSG00000050393 "
"1","ENSG00000050405 "
"1","ENSG00000050426 "
"1","
"
"1","         320.50 "
"1","         274.50 "
"1","         596.00 "
"1","        8270.25 "
"1","         850.75 "
"1","
"
"1","ENSG00000050438 "
"1","ENSG00000050555 "
"1","ENSG00000050628 "
"1","ENSG00000050730 "
"1","ENSG00000050748 "
"1","
"
"1","         106.75 "
"1","         100.50 "
"1","         303.25 "
"1","           5.50 "
"1","         829.50 "
"1","
"
"1","ENSG00000050767 "
"1","ENSG00000050820 "
"1","ENSG00000051009 "
"1","ENSG00000051108 "
"1","ENSG00000051128 "
"1","
"
"1","           1.50 "
"1","        1280.00 "
"1","         445.50 "
"1","        2791.25 "
"1","         881.50 "
"1","
"
"1","ENSG00000051180 "
"1","ENSG00000051341 "
"1","ENSG00000051382 "
"1","ENSG00000051523 "
"1","ENSG00000051596 "
"1","
"
"1","          55.50 "
"1","          18.75 "
"1","         390.50 "
"1","         759.75 "
"1","         166.75 "
"1","
"
"1","ENSG00000051620 "
"1","ENSG00000051825 "
"1","ENSG00000052126 "
"1","ENSG00000052344 "
"1","ENSG00000052723 "
"1","
"
"1","        1364.75 "
"1","         194.50 "
"1","        1285.25 "
"1","           0.25 "
"1","         792.50 "
"1","
"
"1","ENSG00000052749 "
"1","ENSG00000052795 "
"1","ENSG00000052802 "
"1","ENSG00000052841 "
"1","ENSG00000052850 "
"1","
"
"1","         326.25 "
"1","         612.25 "
"1","         286.50 "
"1","        2101.25 "
"1","           7.25 "
"1","
"
"1","ENSG00000053108 "
"1","ENSG00000053254 "
"1","ENSG00000053328 "
"1","ENSG00000053371 "
"1","ENSG00000053372 "
"1","
"
"1","           3.25 "
"1","        4456.50 "
"1","           5.75 "
"1","         905.00 "
"1","         370.25 "
"1","
"
"1","ENSG00000053438 "
"1","ENSG00000053501 "
"1","ENSG00000053524 "
"1","ENSG00000053702 "
"1","ENSG00000053747 "
"1","
"
"1","          34.50 "
"1","         274.75 "
"1","          56.75 "
"1","          29.50 "
"1","        1724.50 "
"1","
"
"1","ENSG00000053770 "
"1","ENSG00000053900 "
"1","ENSG00000053918 "
"1","ENSG00000054116 "
"1","ENSG00000054118 "
"1","
"
"1","         688.50 "
"1","         534.75 "
"1","           0.00 "
"1","         734.75 "
"1","        2674.50 "
"1","
"
"1","ENSG00000054148 "
"1","ENSG00000054179 "
"1","ENSG00000054219 "
"1","ENSG00000054267 "
"1","ENSG00000054277 "
"1","
"
"1","         800.50 "
"1","           0.25 "
"1","          67.25 "
"1","        1037.75 "
"1","         470.50 "
"1","
"
"1","ENSG00000054282 "
"1","ENSG00000054356 "
"1","ENSG00000054392 "
"1","ENSG00000054523 "
"1","ENSG00000054598 "
"1","
"
"1","         222.00 "
"1","          11.75 "
"1","          44.75 "
"1","        1656.75 "
"1","         465.50 "
"1","
"
"1","ENSG00000054611 "
"1","ENSG00000054654 "
"1","ENSG00000054690 "
"1","ENSG00000054793 "
"1","ENSG00000054796 "
"1","
"
"1","         596.25 "
"1","        1660.00 "
"1","          13.50 "
"1","        3402.25 "
"1","           0.00 "
"1","
"
"1","ENSG00000054803 "
"1","ENSG00000054938 "
"1","ENSG00000054965 "
"1","ENSG00000054967 "
"1","ENSG00000054983 "
"1","
"
"1","           0.00 "
"1","          55.50 "
"1","        1566.75 "
"1","          21.50 "
"1","         717.75 "
"1","
"
"1","ENSG00000055044 "
"1","ENSG00000055070 "
"1","ENSG00000055118 "
"1","ENSG00000055130 "
"1","ENSG00000055147 "
"1","
"
"1","         544.75 "
"1","        4071.50 "
"1","           9.00 "
"1","        1443.75 "
"1","         528.00 "
"1","
"
"1","ENSG00000055163 "
"1","ENSG00000055208 "
"1","ENSG00000055211 "
"1","ENSG00000055332 "
"1","ENSG00000055483 "
"1","
"
"1","         207.75 "
"1","        1684.00 "
"1","        2496.25 "
"1","        1812.50 "
"1","         845.00 "
"1","
"
"1","ENSG00000055609 "
"1","ENSG00000055732 "
"1","ENSG00000055813 "
"1","ENSG00000055917 "
"1","ENSG00000055950 "
"1","
"
"1","        1931.25 "
"1","          89.75 "
"1","          34.00 "
"1","        2344.75 "
"1","         646.25 "
"1","
"
"1","ENSG00000055955 "
"1","ENSG00000055957 "
"1","ENSG00000056050 "
"1","ENSG00000056097 "
"1","ENSG00000056277 "
"1","
"
"1","          16.50 "
"1","           3.25 "
"1","         281.50 "
"1","        3155.50 "
"1","         140.25 "
"1","
"
"1","ENSG00000056291 "
"1","ENSG00000056487 "
"1","ENSG00000056558 "
"1","ENSG00000056586 "
"1","ENSG00000056736 "
"1","
"
"1","           0.00 "
"1","           0.00 "
"1","         223.75 "
"1","        1495.50 "
"1","          52.00 "
"1","
"
"1","ENSG00000056972 "
"1","ENSG00000056998 "
"1","ENSG00000057019 "
"1","ENSG00000057149 "
"1","ENSG00000057252 "
"1","
"
"1","         572.50 "
"1","         308.75 "
"1","        2453.75 "
"1","           0.00 "
"1","        1472.75 "
"1","
"
"1","ENSG00000057294 "
"1","ENSG00000057468 "
"1","ENSG00000057593 "
"1","ENSG00000057608 "
"1","ENSG00000057657 "
"1","
"
"1","          20.00 "
"1","           2.50 "
"1","           5.50 "
"1","        3248.75 "
"1","         261.75 "
"1","
"
"1","ENSG00000057663 "
"1","ENSG00000057704 "
"1","ENSG00000057757 "
"1","ENSG00000057935 "
"1","ENSG00000058056 "
"1","
"
"1","         632.50 "
"1","          27.00 "
"1","         471.25 "
"1","         733.25 "
"1","         469.25 "
"1","
"
"1","ENSG00000058063 "
"1","ENSG00000058085 "
"1","ENSG00000058091 "
"1","ENSG00000058262 "
"1","ENSG00000058272 "
"1","
"
"1","        1837.25 "
"1","          94.75 "
"1","        1278.00 "
"1","        9486.00 "
"1","        1930.75 "
"1","
"
"1","ENSG00000058335 "
"1","ENSG00000058404 "
"1","ENSG00000058453 "
"1","ENSG00000058600 "
"1","ENSG00000058668 "
"1","
"
"1","           3.50 "
"1","           1.50 "
"1","         652.75 "
"1","         508.75 "
"1","       10693.25 "
"1","
"
"1","ENSG00000058673 "
"1","ENSG00000058729 "
"1","ENSG00000058799 "
"1","ENSG00000058804 "
"1","ENSG00000058866 "
"1","
"
"1","        4034.25 "
"1","         338.00 "
"1","         522.50 "
"1","         245.25 "
"1","           2.50 "
"1","
"
"1","ENSG00000059122 "
"1","ENSG00000059145 "
"1","ENSG00000059377 "
"1","ENSG00000059378 "
"1","ENSG00000059573 "
"1","
"
"1","        1151.25 "
"1","         644.25 "
"1","          16.00 "
"1","         236.75 "
"1","        1262.75 "
"1","
"
"1","ENSG00000059588 "
"1","ENSG00000059691 "
"1","ENSG00000059728 "
"1","ENSG00000059758 "
"1","ENSG00000059769 "
"1","
"
"1","         309.75 "
"1","         308.50 "
"1","         179.00 "
"1","         697.50 "
"1","         318.75 "
"1","
"
"1","ENSG00000059804 "
"1","ENSG00000059915 "
"1","ENSG00000060069 "
"1","ENSG00000060138 "
"1","ENSG00000060140 "
"1","
"
"1","        1240.50 "
"1","         135.25 "
"1","         509.75 "
"1","        5441.75 "
"1","           2.50 "
"1","
"
"1","ENSG00000060237 "
"1","ENSG00000060303 "
"1","ENSG00000060339 "
"1","ENSG00000060491 "
"1","ENSG00000060558 "
"1","
"
"1","        5237.25 "
"1","           0.00 "
"1","        1585.00 "
"1","         966.00 "
"1","           0.00 "
"1","
"
"1","ENSG00000060566 "
"1","ENSG00000060642 "
"1","ENSG00000060656 "
"1","ENSG00000060688 "
"1","ENSG00000060709 "
"1","
"
"1","           0.00 "
"1","         336.50 "
"1","         422.00 "
"1","         462.00 "
"1","           0.25 "
"1","
"
"1","ENSG00000060718 "
"1","ENSG00000060749 "
"1","ENSG00000060762 "
"1","ENSG00000060971 "
"1","ENSG00000060982 "
"1","
"
"1","         508.50 "
"1","        1045.00 "
"1","         330.25 "
"1","         725.50 "
"1","        2495.25 "
"1","
"
"1","ENSG00000061273 "
"1","ENSG00000061337 "
"1","ENSG00000061455 "
"1","ENSG00000061492 "
"1","ENSG00000061656 "
"1","
"
"1","        3708.25 "
"1","          47.25 "
"1","         801.75 "
"1","           0.00 "
"1","         111.00 "
"1","
"
"1","ENSG00000061676 "
"1","ENSG00000061794 "
"1","ENSG00000061918 "
"1","ENSG00000061936 "
"1","ENSG00000061938 "
"1","
"
"1","        6203.00 "
"1","         609.50 "
"1","        1483.00 "
"1","         767.50 "
"1","         463.00 "
"1","
"
"1","ENSG00000061987 "
"1","ENSG00000062038 "
"1","ENSG00000062096 "
"1","ENSG00000062194 "
"1","ENSG00000062282 "
"1","
"
"1","        1227.75 "
"1","           5.25 "
"1","           1.50 "
"1","         994.00 "
"1","          25.50 "
"1","
"
"1","ENSG00000062370 "
"1","ENSG00000062485 "
"1","ENSG00000062524 "
"1","ENSG00000062582 "
"1","ENSG00000062598 "
"1","
"
"1","         153.75 "
"1","        1760.50 "
"1","           2.00 "
"1","         602.25 "
"1","        1242.25 "
"1","
"
"1","ENSG00000062650 "
"1","ENSG00000062716 "
"1","ENSG00000062725 "
"1","ENSG00000062822 "
"1","ENSG00000063015 "
"1","
"
"1","        1183.50 "
"1","        3568.00 "
"1","        1720.50 "
"1","         130.25 "
"1","           2.25 "
"1","
"
"1","ENSG00000063046 "
"1","ENSG00000063127 "
"1","ENSG00000063169 "
"1","ENSG00000063176 "
"1","ENSG00000063177 "
"1","
"
"1","       12634.25 "
"1","          22.50 "
"1","         288.00 "
"1","         292.75 "
"1","        7695.25 "
"1","
"
"1","ENSG00000063180 "
"1","ENSG00000063241 "
"1","ENSG00000063244 "
"1","ENSG00000063245 "
"1","ENSG00000063322 "
"1","
"
"1","          89.75 "
"1","         367.00 "
"1","        1908.25 "
"1","        2491.25 "
"1","        1274.75 "
"1","
"
"1","ENSG00000063438 "
"1","ENSG00000063515 "
"1","ENSG00000063587 "
"1","ENSG00000063601 "
"1","ENSG00000063660 "
"1","
"
"1","         578.50 "
"1","           0.00 "
"1","         675.75 "
"1","         701.25 "
"1","        3907.75 "
"1","
"
"1","ENSG00000063761 "
"1","ENSG00000063854 "
"1","ENSG00000063978 "
"1","ENSG00000064012 "
"1","ENSG00000064042 "
"1","
"
"1","          99.25 "
"1","         364.25 "
"1","        1138.25 "
"1","         295.00 "
"1","         449.25 "
"1","
"
"1","ENSG00000064102 "
"1","ENSG00000064115 "
"1","ENSG00000064195 "
"1","ENSG00000064199 "
"1","ENSG00000064201 "
"1","
"
"1","         376.75 "
"1","        1875.50 "
"1","           0.00 "
"1","         198.00 "
"1","           6.50 "
"1","
"
"1","ENSG00000064205 "
"1","ENSG00000064218 "
"1","ENSG00000064225 "
"1","ENSG00000064270 "
"1","ENSG00000064300 "
"1","
"
"1","        1321.00 "
"1","           0.00 "
"1","          31.50 "
"1","           6.75 "
"1","           2.50 "
"1","
"
"1","ENSG00000064309 "
"1","ENSG00000064313 "
"1","ENSG00000064393 "
"1","ENSG00000064419 "
"1","ENSG00000064489 "
"1","
"
"1","         206.00 "
"1","         794.25 "
"1","        3246.00 "
"1","        1272.50 "
"1","          96.25 "
"1","
"
"1","ENSG00000064490 "
"1","ENSG00000064545 "
"1","ENSG00000064547 "
"1","ENSG00000064601 "
"1","ENSG00000064607 "
"1","
"
"1","         366.00 "
"1","         304.50 "
"1","          38.25 "
"1","        8430.25 "
"1","        1482.50 "
"1","
"
"1","ENSG00000064651 "
"1","ENSG00000064652 "
"1","ENSG00000064655 "
"1","ENSG00000064666 "
"1","ENSG00000064687 "
"1","
"
"1","         501.00 "
"1","         295.25 "
"1","         123.00 "
"1","       12102.50 "
"1","         123.00 "
"1","
"
"1","ENSG00000064692 "
"1","ENSG00000064703 "
"1","ENSG00000064726 "
"1","ENSG00000064763 "
"1","ENSG00000064787 "
"1","
"
"1","          25.75 "
"1","         375.25 "
"1","        2155.25 "
"1","         336.25 "
"1","           4.00 "
"1","
"
"1","ENSG00000064835 "
"1","ENSG00000064886 "
"1","ENSG00000064932 "
"1","ENSG00000064933 "
"1","ENSG00000064961 "
"1","
"
"1","           0.25 "
"1","        1310.00 "
"1","         552.50 "
"1","         547.25 "
"1","        1269.25 "
"1","
"
"1","ENSG00000064989 "
"1","ENSG00000064995 "
"1","ENSG00000064999 "
"1","ENSG00000065000 "
"1","ENSG00000065029 "
"1","
"
"1","          41.25 "
"1","         267.25 "
"1","         717.25 "
"1","        3813.00 "
"1","         426.75 "
"1","
"
"1","ENSG00000065054 "
"1","ENSG00000065057 "
"1","ENSG00000065060 "
"1","ENSG00000065135 "
"1","ENSG00000065150 "
"1","
"
"1","         901.25 "
"1","         115.75 "
"1","         366.75 "
"1","        1932.50 "
"1","        3984.75 "
"1","
"
"1","ENSG00000065154 "
"1","ENSG00000065183 "
"1","ENSG00000065243 "
"1","ENSG00000065268 "
"1","ENSG00000065308 "
"1","
"
"1","        2842.50 "
"1","         549.25 "
"1","        1391.75 "
"1","         310.75 "
"1","       10580.50 "
"1","
"
"1","ENSG00000065320 "
"1","ENSG00000065325 "
"1","ENSG00000065328 "
"1","ENSG00000065357 "
"1","ENSG00000065361 "
"1","
"
"1","        4665.00 "
"1","           7.25 "
"1","          11.75 "
"1","         942.25 "
"1","          24.50 "
"1","
"
"1","ENSG00000065371 "
"1","ENSG00000065413 "
"1","ENSG00000065427 "
"1","ENSG00000065457 "
"1","ENSG00000065485 "
"1","
"
"1","           0.50 "
"1","         172.00 "
"1","        1952.00 "
"1","         232.00 "
"1","         676.50 "
"1","
"
"1","ENSG00000065491 "
"1","ENSG00000065518 "
"1","ENSG00000065526 "
"1","ENSG00000065534 "
"1","ENSG00000065548 "
"1","
"
"1","         272.50 "
"1","         683.75 "
"1","        1766.25 "
"1","       20522.00 "
"1","         894.25 "
"1","
"
"1","ENSG00000065559 "
"1","ENSG00000065600 "
"1","ENSG00000065609 "
"1","ENSG00000065613 "
"1","ENSG00000065615 "
"1","
"
"1","         634.00 "
"1","          78.00 "
"1","           0.25 "
"1","        1644.50 "
"1","         412.50 "
"1","
"
"1","ENSG00000065618 "
"1","ENSG00000065621 "
"1","ENSG00000065665 "
"1","ENSG00000065675 "
"1","ENSG00000065717 "
"1","
"
"1","           1.25 "
"1","          87.50 "
"1","         116.00 "
"1","           1.25 "
"1","         300.50 "
"1","
"
"1","ENSG00000065802 "
"1","ENSG00000065809 "
"1","ENSG00000065833 "
"1","ENSG00000065882 "
"1","ENSG00000065883 "
"1","
"
"1","        1359.00 "
"1","        1458.25 "
"1","         521.00 "
"1","         907.50 "
"1","        1266.50 "
"1","
"
"1","ENSG00000065911 "
"1","ENSG00000065923 "
"1","ENSG00000065970 "
"1","ENSG00000065978 "
"1","ENSG00000065989 "
"1","
"
"1","         673.25 "
"1","        1006.25 "
"1","         745.25 "
"1","        9865.00 "
"1","         769.75 "
"1","
"
"1","ENSG00000066027 "
"1","ENSG00000066032 "
"1","ENSG00000066044 "
"1","ENSG00000066056 "
"1","ENSG00000066084 "
"1","
"
"1","         769.25 "
"1","           4.25 "
"1","        1090.50 "
"1","           8.75 "
"1","         881.75 "
"1","
"
"1","ENSG00000066117 "
"1","ENSG00000066135 "
"1","ENSG00000066136 "
"1","ENSG00000066185 "
"1","ENSG00000066230 "
"1","
"
"1","         853.50 "
"1","         913.00 "
"1","         386.75 "
"1","          12.00 "
"1","         118.25 "
"1","
"
"1","ENSG00000066248 "
"1","ENSG00000066279 "
"1","ENSG00000066294 "
"1","ENSG00000066322 "
"1","ENSG00000066336 "
"1","
"
"1","           2.50 "
"1","          90.25 "
"1","           5.50 "
"1","        1185.75 "
"1","           0.75 "
"1","
"
"1","ENSG00000066379 "
"1","ENSG00000066382 "
"1","ENSG00000066405 "
"1","ENSG00000066422 "
"1","ENSG00000066427 "
"1","
"
"1","          16.25 "
"1","          14.75 "
"1","          23.00 "
"1","         486.25 "
"1","         619.50 "
"1","
"
"1","ENSG00000066455 "
"1","ENSG00000066468 "
"1","ENSG00000066557 "
"1","ENSG00000066583 "
"1","ENSG00000066629 "
"1","
"
"1","        1373.25 "
"1","          11.50 "
"1","         303.75 "
"1","         280.75 "
"1","        3085.50 "
"1","
"
"1","ENSG00000066651 "
"1","ENSG00000066654 "
"1","ENSG00000066697 "
"1","ENSG00000066735 "
"1","ENSG00000066739 "
"1","
"
"1","         206.75 "
"1","         734.25 "
"1","         607.00 "
"1","           2.25 "
"1","        1230.25 "
"1","
"
"1","ENSG00000066777 "
"1","ENSG00000066813 "
"1","ENSG00000066827 "
"1","ENSG00000066855 "
"1","ENSG00000066923 "
"1","
"
"1","        1647.50 "
"1","          17.25 "
"1","         215.25 "
"1","         317.75 "
"1","         191.25 "
"1","
"
"1","ENSG00000066926 "
"1","ENSG00000066933 "
"1","ENSG00000067048 "
"1","ENSG00000067057 "
"1","ENSG00000067064 "
"1","
"
"1","         463.00 "
"1","        1194.75 "
"1","        1019.50 "
"1","        2452.75 "
"1","         378.25 "
"1","
"
"1","ENSG00000067066 "
"1","ENSG00000067082 "
"1","ENSG00000067113 "
"1","ENSG00000067141 "
"1","ENSG00000067167 "
"1","
"
"1","        2042.75 "
"1","        4253.75 "
"1","        1151.75 "
"1","         933.00 "
"1","       17269.25 "
"1","
"
"1"," [ reached getOption(""max.print"") -- omitted 37694 entries ]
"
