"0","control.mean <-  rowSums(counts[ , control$id])/ length(control$id)"
"0","control.mean"
"1","ENSG00000000003 "
"1","ENSG00000000005 "
"1","ENSG00000000419 "
"1","ENSG00000000457 "
"1","ENSG00000000460 "
"1","
"
"1","         900.75 "
"1","           0.00 "
"1","         520.50 "
"1","         339.75 "
"1","          97.25 "
"1","
"
"1","ENSG00000000938 "
"1","ENSG00000000971 "
"1","ENSG00000001036 "
"1","ENSG00000001084 "
"1","ENSG00000001167 "
"1","
"
"1","           0.75 "
"1","        5219.00 "
"1","        2327.00 "
"1","         755.75 "
"1","         527.75 "
"1","
"
"1","ENSG00000001460 "
"1","ENSG00000001461 "
"1","ENSG00000001497 "
"1","ENSG00000001561 "
"1","ENSG00000001617 "
"1","
"
"1","         226.75 "
"1","        3169.50 "
"1","         589.50 "
"1","         110.50 "
"1","         695.25 "
"1","
"
"1","ENSG00000001626 "
"1","ENSG00000001629 "
"1","ENSG00000001630 "
"1","ENSG00000001631 "
"1","ENSG00000002016 "
"1","
"
"1","          11.25 "
"1","        2146.00 "
"1","        1117.50 "
"1","         936.00 "
"1","         251.25 "
"1","
"
"1","ENSG00000002079 "
"1","ENSG00000002330 "
"1","ENSG00000002549 "
"1","ENSG00000002586 "
"1","ENSG00000002587 "
"1","
"
"1","           2.25 "
"1","         735.00 "
"1","        1249.25 "
"1","        8802.75 "
"1","           1.75 "
"1","
"
"1","ENSG00000002726 "
"1","ENSG00000002745 "
"1","ENSG00000002746 "
"1","ENSG00000002822 "
"1","ENSG00000002834 "
"1","
"
"1","           1.25 "
"1","           9.75 "
"1","         125.00 "
"1","         385.25 "
"1","        7889.00 "
"1","
"
"1","ENSG00000002919 "
"1","ENSG00000002933 "
"1","ENSG00000003056 "
"1","ENSG00000003096 "
"1","ENSG00000003137 "
"1","
"
"1","         237.50 "
"1","         498.75 "
"1","        1962.25 "
"1","         581.25 "
"1","         149.25 "
"1","
"
"1","ENSG00000003147 "
"1","ENSG00000003249 "
"1","ENSG00000003393 "
"1","ENSG00000003400 "
"1","ENSG00000003402 "
"1","
"
"1","           9.00 "
"1","         146.50 "
"1","         900.00 "
"1","         107.00 "
"1","        2244.25 "
"1","
"
"1","ENSG00000003436 "
"1","ENSG00000003509 "
"1","ENSG00000003756 "
"1","ENSG00000003987 "
"1","ENSG00000003989 "
"1","
"
"1","        6153.75 "
"1","         338.25 "
"1","        3384.25 "
"1","          24.25 "
"1","          33.75 "
"1","
"
"1","ENSG00000004059 "
"1","ENSG00000004139 "
"1","ENSG00000004142 "
"1","ENSG00000004399 "
"1","ENSG00000004455 "
"1","
"
"1","        1562.75 "
"1","         341.00 "
"1","        1498.50 "
"1","        4037.50 "
"1","        1376.50 "
"1","
"
"1","ENSG00000004468 "
"1","ENSG00000004478 "
"1","ENSG00000004487 "
"1","ENSG00000004534 "
"1","ENSG00000004660 "
"1","
"
"1","           5.50 "
"1","         664.00 "
"1","        1510.25 "
"1","        1563.50 "
"1","         100.00 "
"1","
"
"1","ENSG00000004700 "
"1","ENSG00000004766 "
"1","ENSG00000004776 "
"1","ENSG00000004777 "
"1","ENSG00000004779 "
"1","
"
"1","        1390.00 "
"1","         550.50 "
"1","       13843.75 "
"1","         126.25 "
"1","         380.75 "
"1","
"
"1","ENSG00000004799 "
"1","ENSG00000004809 "
"1","ENSG00000004838 "
"1","ENSG00000004846 "
"1","ENSG00000004848 "
"1","
"
"1","         270.50 "
"1","           1.50 "
"1","          23.00 "
"1","          35.75 "
"1","           0.00 "
"1","
"
"1","ENSG00000004864 "
"1","ENSG00000004866 "
"1","ENSG00000004897 "
"1","ENSG00000004939 "
"1","ENSG00000004948 "
"1","
"
"1","         158.75 "
"1","         686.75 "
"1","        1894.75 "
"1","          11.50 "
"1","           0.00 "
"1","
"
"1","ENSG00000004961 "
"1","ENSG00000004975 "
"1","ENSG00000005001 "
"1","ENSG00000005007 "
"1","ENSG00000005020 "
"1","
"
"1","         499.25 "
"1","        1199.75 "
"1","           0.00 "
"1","        2255.50 "
"1","         779.50 "
"1","
"
"1","ENSG00000005022 "
"1","ENSG00000005059 "
"1","ENSG00000005073 "
"1","ENSG00000005075 "
"1","ENSG00000005100 "
"1","
"
"1","        1430.75 "
"1","         211.25 "
"1","           0.75 "
"1","         640.25 "
"1","         481.50 "
"1","
"
"1","ENSG00000005102 "
"1","ENSG00000005108 "
"1","ENSG00000005156 "
"1","ENSG00000005175 "
"1","ENSG00000005187 "
"1","
"
"1","           1.00 "
"1","           9.00 "
"1","         347.25 "
"1","         399.50 "
"1","          31.50 "
"1","
"
"1","ENSG00000005189 "
"1","ENSG00000005194 "
"1","ENSG00000005206 "
"1","ENSG00000005238 "
"1","ENSG00000005243 "
"1","
"
"1","          96.25 "
"1","         476.00 "
"1","         711.25 "
"1","         815.00 "
"1","        1093.75 "
"1","
"
"1","ENSG00000005249 "
"1","ENSG00000005302 "
"1","ENSG00000005339 "
"1","ENSG00000005379 "
"1","ENSG00000005381 "
"1","
"
"1","         250.50 "
"1","         472.25 "
"1","        2897.25 "
"1","         160.00 "
"1","           4.50 "
"1","
"
"1","ENSG00000005421 "
"1","ENSG00000005436 "
"1","ENSG00000005448 "
"1","ENSG00000005469 "
"1","ENSG00000005471 "
"1","
"
"1","           0.25 "
"1","         305.25 "
"1","         228.00 "
"1","         490.25 "
"1","          48.75 "
"1","
"
"1","ENSG00000005483 "
"1","ENSG00000005486 "
"1","ENSG00000005513 "
"1","ENSG00000005700 "
"1","ENSG00000005801 "
"1","
"
"1","        1994.75 "
"1","         968.75 "
"1","           5.50 "
"1","         641.00 "
"1","         258.75 "
"1","
"
"1","ENSG00000005810 "
"1","ENSG00000005812 "
"1","ENSG00000005844 "
"1","ENSG00000005882 "
"1","ENSG00000005884 "
"1","
"
"1","        3123.00 "
"1","        1365.50 "
"1","           4.50 "
"1","        1192.00 "
"1","        1232.00 "
"1","
"
"1","ENSG00000005889 "
"1","ENSG00000005893 "
"1","ENSG00000005961 "
"1","ENSG00000005981 "
"1","ENSG00000006007 "
"1","
"
"1","         839.25 "
"1","        5427.25 "
"1","          13.50 "
"1","           8.00 "
"1","        2644.00 "
"1","
"
"1","ENSG00000006015 "
"1","ENSG00000006016 "
"1","ENSG00000006025 "
"1","ENSG00000006042 "
"1","ENSG00000006047 "
"1","
"
"1","         412.50 "
"1","         151.50 "
"1","         209.00 "
"1","        3365.00 "
"1","           0.75 "
"1","
"
"1","ENSG00000006059 "
"1","ENSG00000006062 "
"1","ENSG00000006071 "
"1","ENSG00000006116 "
"1","ENSG00000006118 "
"1","
"
"1","           0.00 "
"1","         333.75 "
"1","           0.00 "
"1","           0.75 "
"1","         592.25 "
"1","
"
"1","ENSG00000006125 "
"1","ENSG00000006128 "
"1","ENSG00000006194 "
"1","ENSG00000006210 "
"1","ENSG00000006282 "
"1","
"
"1","        7030.25 "
"1","           0.25 "
"1","         570.25 "
"1","          11.25 "
"1","        1533.25 "
"1","
"
"1","ENSG00000006283 "
"1","ENSG00000006327 "
"1","ENSG00000006377 "
"1","ENSG00000006432 "
"1","ENSG00000006451 "
"1","
"
"1","          90.25 "
"1","         660.75 "
"1","           0.00 "
"1","           8.25 "
"1","        1410.00 "
"1","
"
"1","ENSG00000006453 "
"1","ENSG00000006459 "
"1","ENSG00000006468 "
"1","ENSG00000006530 "
"1","ENSG00000006534 "
"1","
"
"1","         248.25 "
"1","         436.25 "
"1","         211.25 "
"1","         298.75 "
"1","        1073.25 "
"1","
"
"1","ENSG00000006555 "
"1","ENSG00000006576 "
"1","ENSG00000006606 "
"1","ENSG00000006607 "
"1","ENSG00000006611 "
"1","
"
"1","           6.00 "
"1","        1311.00 "
"1","           5.25 "
"1","         815.50 "
"1","           0.00 "
"1","
"
"1","ENSG00000006625 "
"1","ENSG00000006634 "
"1","ENSG00000006638 "
"1","ENSG00000006652 "
"1","ENSG00000006659 "
"1","
"
"1","         198.75 "
"1","         112.00 "
"1","          79.50 "
"1","        1185.25 "
"1","           1.75 "
"1","
"
"1","ENSG00000006695 "
"1","ENSG00000006704 "
"1","ENSG00000006712 "
"1","ENSG00000006715 "
"1","ENSG00000006740 "
"1","
"
"1","         183.00 "
"1","         315.75 "
"1","        1302.75 "
"1","        2495.25 "
"1","          46.00 "
"1","
"
"1","ENSG00000006744 "
"1","ENSG00000006747 "
"1","ENSG00000006756 "
"1","ENSG00000006757 "
"1","ENSG00000006788 "
"1","
"
"1","         931.50 "
"1","          27.25 "
"1","         585.25 "
"1","         182.00 "
"1","           2.75 "
"1","
"
"1","ENSG00000006831 "
"1","ENSG00000006837 "
"1","ENSG00000007001 "
"1","ENSG00000007038 "
"1","ENSG00000007047 "
"1","
"
"1","        1075.00 "
"1","          84.50 "
"1","           2.50 "
"1","           0.75 "
"1","         891.75 "
"1","
"
"1","ENSG00000007062 "
"1","ENSG00000007080 "
"1","ENSG00000007129 "
"1","ENSG00000007168 "
"1","ENSG00000007171 "
"1","
"
"1","           3.25 "
"1","         655.75 "
"1","           0.00 "
"1","        4213.00 "
"1","           1.75 "
"1","
"
"1","ENSG00000007174 "
"1","ENSG00000007202 "
"1","ENSG00000007216 "
"1","ENSG00000007237 "
"1","ENSG00000007255 "
"1","
"
"1","           2.50 "
"1","        6982.00 "
"1","           0.00 "
"1","         549.25 "
"1","         125.75 "
"1","
"
"1","ENSG00000007264 "
"1","ENSG00000007306 "
"1","ENSG00000007312 "
"1","ENSG00000007314 "
"1","ENSG00000007341 "
"1","
"
"1","           3.00 "
"1","           0.00 "
"1","           1.75 "
"1","           1.00 "
"1","         278.50 "
"1","
"
"1","ENSG00000007350 "
"1","ENSG00000007372 "
"1","ENSG00000007376 "
"1","ENSG00000007384 "
"1","ENSG00000007392 "
"1","
"
"1","           0.00 "
"1","          38.75 "
"1","         265.50 "
"1","        1887.00 "
"1","         761.75 "
"1","
"
"1","ENSG00000007402 "
"1","ENSG00000007516 "
"1","ENSG00000007520 "
"1","ENSG00000007541 "
"1","ENSG00000007545 "
"1","
"
"1","          18.75 "
"1","          12.75 "
"1","         604.50 "
"1","         645.75 "
"1","         632.50 "
"1","
"
"1","ENSG00000007866 "
"1","ENSG00000007908 "
"1","ENSG00000007923 "
"1","ENSG00000007933 "
"1","ENSG00000007944 "
"1","
"
"1","        1410.50 "
"1","           0.00 "
"1","        1066.75 "
"1","         871.75 "
"1","         437.50 "
"1","
"
"1","ENSG00000007952 "
"1","ENSG00000007968 "
"1","ENSG00000008018 "
"1","ENSG00000008056 "
"1","ENSG00000008083 "
"1","
"
"1","           8.00 "
"1","           4.00 "
"1","        1596.75 "
"1","          14.75 "
"1","         272.25 "
"1","
"
"1","ENSG00000008086 "
"1","ENSG00000008118 "
"1","ENSG00000008128 "
"1","ENSG00000008130 "
"1","ENSG00000008196 "
"1","
"
"1","         426.50 "
"1","           9.75 "
"1","         563.00 "
"1","        1319.25 "
"1","           1.75 "
"1","
"
"1","ENSG00000008197 "
"1","ENSG00000008226 "
"1","ENSG00000008256 "
"1","ENSG00000008277 "
"1","ENSG00000008282 "
"1","
"
"1","           0.00 "
"1","           8.75 "
"1","        2458.00 "
"1","          20.25 "
"1","        1898.25 "
"1","
"
"1","ENSG00000008283 "
"1","ENSG00000008294 "
"1","ENSG00000008300 "
"1","ENSG00000008311 "
"1","ENSG00000008323 "
"1","
"
"1","         557.00 "
"1","        3317.25 "
"1","          86.25 "
"1","         475.25 "
"1","          10.25 "
"1","
"
"1","ENSG00000008324 "
"1","ENSG00000008382 "
"1","ENSG00000008394 "
"1","ENSG00000008405 "
"1","ENSG00000008438 "
"1","
"
"1","         103.75 "
"1","         163.50 "
"1","        4053.00 "
"1","         292.75 "
"1","           0.50 "
"1","
"
"1","ENSG00000008441 "
"1","ENSG00000008513 "
"1","ENSG00000008516 "
"1","ENSG00000008517 "
"1","ENSG00000008710 "
"1","
"
"1","       12969.25 "
"1","        2022.50 "
"1","          27.00 "
"1","         162.50 "
"1","        4750.75 "
"1","
"
"1","ENSG00000008735 "
"1","ENSG00000008838 "
"1","ENSG00000008853 "
"1","ENSG00000008869 "
"1","ENSG00000008952 "
"1","
"
"1","          18.25 "
"1","        1248.25 "
"1","         793.25 "
"1","         739.50 "
"1","        5380.50 "
"1","
"
"1","ENSG00000008988 "
"1","ENSG00000009307 "
"1","ENSG00000009335 "
"1","ENSG00000009413 "
"1","ENSG00000009694 "
"1","
"
"1","       11842.25 "
"1","       17268.25 "
"1","        2132.00 "
"1","        6053.50 "
"1","           6.25 "
"1","
"
"1","ENSG00000009709 "
"1","ENSG00000009724 "
"1","ENSG00000009765 "
"1","ENSG00000009780 "
"1","ENSG00000009790 "
"1","
"
"1","           0.00 "
"1","          48.00 "
"1","           5.50 "
"1","         160.50 "
"1","           5.50 "
"1","
"
"1","ENSG00000009830 "
"1","ENSG00000009844 "
"1","ENSG00000009950 "
"1","ENSG00000009954 "
"1","ENSG00000010017 "
"1","
"
"1","         441.50 "
"1","         970.50 "
"1","           5.75 "
"1","        3183.25 "
"1","        1781.75 "
"1","
"
"1","ENSG00000010030 "
"1","ENSG00000010072 "
"1","ENSG00000010165 "
"1","ENSG00000010219 "
"1","ENSG00000010244 "
"1","
"
"1","          21.75 "
"1","         199.00 "
"1","        1015.25 "
"1","         278.75 "
"1","        2863.25 "
"1","
"
"1","ENSG00000010256 "
"1","ENSG00000010270 "
"1","ENSG00000010278 "
"1","ENSG00000010282 "
"1","ENSG00000010292 "
"1","
"
"1","        1628.25 "
"1","         834.50 "
"1","        3249.75 "
"1","           0.00 "
"1","        1319.50 "
"1","
"
"1","ENSG00000010295 "
"1","ENSG00000010310 "
"1","ENSG00000010318 "
"1","ENSG00000010319 "
"1","ENSG00000010322 "
"1","
"
"1","        1310.25 "
"1","          25.75 "
"1","          74.50 "
"1","           0.50 "
"1","        3015.50 "
"1","
"
"1","ENSG00000010327 "
"1","ENSG00000010361 "
"1","ENSG00000010379 "
"1","ENSG00000010404 "
"1","ENSG00000010438 "
"1","
"
"1","           1.50 "
"1","         249.50 "
"1","           1.75 "
"1","        2923.75 "
"1","          18.25 "
"1","
"
"1","ENSG00000010539 "
"1","ENSG00000010610 "
"1","ENSG00000010626 "
"1","ENSG00000010671 "
"1","ENSG00000010704 "
"1","
"
"1","         152.50 "
"1","          71.75 "
"1","         174.75 "
"1","           0.75 "
"1","         543.00 "
"1","
"
"1","ENSG00000010803 "
"1","ENSG00000010810 "
"1","ENSG00000010818 "
"1","ENSG00000010932 "
"1","ENSG00000011007 "
"1","
"
"1","         815.00 "
"1","        1827.25 "
"1","        1820.00 "
"1","          25.50 "
"1","        1371.75 "
"1","
"
"1","ENSG00000011009 "
"1","ENSG00000011021 "
"1","ENSG00000011028 "
"1","ENSG00000011052 "
"1","ENSG00000011083 "
"1","
"
"1","         486.75 "
"1","         727.75 "
"1","       19624.75 "
"1","         287.25 "
"1","           0.50 "
"1","
"
"1","ENSG00000011105 "
"1","ENSG00000011114 "
"1","ENSG00000011132 "
"1","ENSG00000011143 "
"1","ENSG00000011198 "
"1","
"
"1","        3505.50 "
"1","         635.25 "
"1","         233.75 "
"1","         188.25 "
"1","         801.50 "
"1","
"
"1","ENSG00000011201 "
"1","ENSG00000011243 "
"1","ENSG00000011258 "
"1","ENSG00000011260 "
"1","ENSG00000011275 "
"1","
"
"1","           0.75 "
"1","         885.75 "
"1","         436.50 "
"1","         405.75 "
"1","        1849.25 "
"1","
"
"1","ENSG00000011295 "
"1","ENSG00000011304 "
"1","ENSG00000011332 "
"1","ENSG00000011347 "
"1","ENSG00000011376 "
"1","
"
"1","         430.75 "
"1","        3398.25 "
"1","          14.75 "
"1","         204.25 "
"1","         455.00 "
"1","
"
"1","ENSG00000011405 "
"1","ENSG00000011422 "
"1","ENSG00000011426 "
"1","ENSG00000011451 "
"1","ENSG00000011454 "
"1","
"
"1","        1492.00 "
"1","         403.75 "
"1","         281.50 "
"1","        1529.50 "
"1","        2157.25 "
"1","
"
"1","ENSG00000011465 "
"1","ENSG00000011478 "
"1","ENSG00000011485 "
"1","ENSG00000011523 "
"1","ENSG00000011566 "
"1","
"
"1","      331697.00 "
"1","         119.50 "
"1","         901.00 "
"1","         858.00 "
"1","        1116.25 "
"1","
"
"1","ENSG00000011590 "
"1","ENSG00000011600 "
"1","ENSG00000011638 "
"1","ENSG00000011677 "
"1","ENSG00000012048 "
"1","
"
"1","           4.00 "
"1","           1.75 "
"1","         864.00 "
"1","           0.50 "
"1","         378.50 "
"1","
"
"1","ENSG00000012061 "
"1","ENSG00000012124 "
"1","ENSG00000012171 "
"1","ENSG00000012174 "
"1","ENSG00000012211 "
"1","
"
"1","        1245.25 "
"1","           3.75 "
"1","        1683.50 "
"1","         765.25 "
"1","         125.25 "
"1","
"
"1","ENSG00000012223 "
"1","ENSG00000012232 "
"1","ENSG00000012504 "
"1","ENSG00000012660 "
"1","ENSG00000012779 "
"1","
"
"1","           0.75 "
"1","        1327.00 "
"1","           0.00 "
"1","        2189.50 "
"1","           0.00 "
"1","
"
"1","ENSG00000012817 "
"1","ENSG00000012822 "
"1","ENSG00000012963 "
"1","ENSG00000012983 "
"1","ENSG00000013016 "
"1","
"
"1","         778.75 "
"1","        5672.75 "
"1","         366.75 "
"1","        2301.00 "
"1","        1701.50 "
"1","
"
"1","ENSG00000013275 "
"1","ENSG00000013288 "
"1","ENSG00000013293 "
"1","ENSG00000013297 "
"1","ENSG00000013306 "
"1","
"
"1","         473.00 "
"1","        3350.25 "
"1","         376.75 "
"1","        5568.00 "
"1","        1060.50 "
"1","
"
"1","ENSG00000013364 "
"1","ENSG00000013374 "
"1","ENSG00000013375 "
"1","ENSG00000013392 "
"1","ENSG00000013441 "
"1","
"
"1","        8592.50 "
"1","        1569.25 "
"1","        1648.25 "
"1","         269.25 "
"1","        2537.50 "
"1","
"
"1","ENSG00000013503 "
"1","ENSG00000013523 "
"1","ENSG00000013561 "
"1","ENSG00000013563 "
"1","ENSG00000013573 "
"1","
"
"1","         333.00 "
"1","         455.25 "
"1","         918.50 "
"1","         596.75 "
"1","         269.00 "
"1","
"
"1","ENSG00000013583 "
"1","ENSG00000013588 "
"1","ENSG00000013619 "
"1","ENSG00000013725 "
"1","ENSG00000013810 "
"1","
"
"1","        1369.50 "
"1","         701.50 "
"1","        1047.00 "
"1","           8.50 "
"1","          91.25 "
"1","
"
"1","ENSG00000014123 "
"1","ENSG00000014138 "
"1","ENSG00000014164 "
"1","ENSG00000014216 "
"1","ENSG00000014257 "
"1","
"
"1","         975.75 "
"1","         204.25 "
"1","         471.25 "
"1","        3381.50 "
"1","          23.25 "
"1","
"
"1","ENSG00000014641 "
"1","ENSG00000014824 "
"1","ENSG00000014914 "
"1","ENSG00000014919 "
"1","ENSG00000015133 "
"1","
"
"1","        1640.00 "
"1","        1330.25 "
"1","         666.25 "
"1","         699.00 "
"1","           2.75 "
"1","
"
"1","ENSG00000015153 "
"1","ENSG00000015171 "
"1","ENSG00000015285 "
"1","ENSG00000015413 "
"1","ENSG00000015475 "
"1","
"
"1","         255.50 "
"1","        2409.00 "
"1","           7.00 "
"1","           0.50 "
"1","         368.50 "
"1","
"
"1","ENSG00000015479 "
"1","ENSG00000015520 "
"1","ENSG00000015532 "
"1","ENSG00000015568 "
"1","ENSG00000015592 "
"1","
"
"1","        6074.75 "
"1","          32.00 "
"1","         713.25 "
"1","         182.50 "
"1","           0.50 "
"1","
"
"1","ENSG00000015676 "
"1","ENSG00000016082 "
"1","ENSG00000016391 "
"1","ENSG00000016402 "
"1","ENSG00000016490 "
"1","
"
"1","        1735.00 "
"1","           0.25 "
"1","         155.00 "
"1","          15.25 "
"1","           0.50 "
"1","
"
"1","ENSG00000016602 "
"1","ENSG00000016864 "
"1","ENSG00000017260 "
"1","ENSG00000017427 "
"1","ENSG00000017483 "
"1","
"
"1","           0.25 "
"1","        1654.00 "
"1","        3271.00 "
"1","         920.75 "
"1","         611.00 "
"1","
"
"1","ENSG00000017797 "
"1","ENSG00000018189 "
"1","ENSG00000018236 "
"1","ENSG00000018280 "
"1","ENSG00000018408 "
"1","
"
"1","        2937.75 "
"1","        1129.00 "
"1","          60.25 "
"1","          17.00 "
"1","        2914.25 "
"1","
"
"1","ENSG00000018510 "
"1","ENSG00000018607 "
"1","ENSG00000018610 "
"1","ENSG00000018625 "
"1","ENSG00000018699 "
"1","
"
"1","         840.00 "
"1","           0.25 "
"1","         318.00 "
"1","        1092.50 "
"1","         281.75 "
"1","
"
"1","ENSG00000018869 "
"1","ENSG00000019102 "
"1","ENSG00000019144 "
"1","ENSG00000019169 "
"1","ENSG00000019186 "
"1","
"
"1","          63.75 "
"1","           5.75 "
"1","        3287.25 "
"1","           0.00 "
"1","          26.50 "
"1","
"
"1","ENSG00000019485 "
"1","ENSG00000019505 "
"1","ENSG00000019549 "
"1","ENSG00000019582 "
"1","ENSG00000019991 "
"1","
"
"1","         280.00 "
"1","           1.25 "
"1","        3054.50 "
"1","          55.75 "
"1","        1773.50 "
"1","
"
"1","ENSG00000019995 "
"1","ENSG00000020129 "
"1","ENSG00000020181 "
"1","ENSG00000020219 "
"1","ENSG00000020256 "
"1","
"
"1","        1556.25 "
"1","        1324.00 "
"1","       11392.75 "
"1","           0.50 "
"1","         379.50 "
"1","
"
"1","ENSG00000020426 "
"1","ENSG00000020577 "
"1","ENSG00000020633 "
"1","ENSG00000020922 "
"1","ENSG00000021300 "
"1","
"
"1","         253.25 "
"1","        2014.00 "
"1","          86.25 "
"1","         537.50 "
"1","          20.00 "
"1","
"
"1","ENSG00000021355 "
"1","ENSG00000021461 "
"1","ENSG00000021488 "
"1","ENSG00000021574 "
"1","ENSG00000021645 "
"1","
"
"1","         562.25 "
"1","           3.25 "
"1","           4.25 "
"1","         533.00 "
"1","          21.75 "
"1","
"
"1","ENSG00000021762 "
"1","ENSG00000021776 "
"1","ENSG00000021826 "
"1","ENSG00000021852 "
"1","ENSG00000022267 "
"1","
"
"1","        1231.50 "
"1","        1362.25 "
"1","         379.50 "
"1","           0.00 "
"1","        9314.50 "
"1","
"
"1","ENSG00000022277 "
"1","ENSG00000022355 "
"1","ENSG00000022556 "
"1","ENSG00000022567 "
"1","ENSG00000022840 "
"1","
"
"1","        2153.50 "
"1","           0.00 "
"1","           4.25 "
"1","         158.75 "
"1","        2759.00 "
"1","
"
"1","ENSG00000022976 "
"1","ENSG00000023041 "
"1","ENSG00000023171 "
"1","ENSG00000023191 "
"1","ENSG00000023228 "
"1","
"
"1","         194.25 "
"1","         677.00 "
"1","         129.25 "
"1","        2482.00 "
"1","        1803.00 "
"1","
"
"1","ENSG00000023287 "
"1","ENSG00000023318 "
"1","ENSG00000023330 "
"1","ENSG00000023445 "
"1","ENSG00000023516 "
"1","
"
"1","        2860.50 "
"1","        1390.75 "
"1","        1139.75 "
"1","          61.25 "
"1","        2043.00 "
"1","
"
"1","ENSG00000023572 "
"1","ENSG00000023608 "
"1","ENSG00000023697 "
"1","ENSG00000023734 "
"1","ENSG00000023839 "
"1","
"
"1","          93.25 "
"1","         335.00 "
"1","         478.00 "
"1","        1957.25 "
"1","          16.00 "
"1","
"
"1","ENSG00000023892 "
"1","ENSG00000023902 "
"1","ENSG00000023909 "
"1","ENSG00000024048 "
"1","ENSG00000024422 "
"1","
"
"1","           6.25 "
"1","         658.00 "
"1","        1221.25 "
"1","        1364.50 "
"1","       11539.50 "
"1","
"
"1","ENSG00000024526 "
"1","ENSG00000024862 "
"1","ENSG00000025039 "
"1","ENSG00000025156 "
"1","ENSG00000025293 "
"1","
"
"1","          23.50 "
"1","         229.00 "
"1","           9.00 "
"1","         293.25 "
"1","        1615.25 "
"1","
"
"1","ENSG00000025423 "
"1","ENSG00000025434 "
"1","ENSG00000025708 "
"1","ENSG00000025770 "
"1","ENSG00000025772 "
"1","
"
"1","         295.00 "
"1","         402.50 "
"1","         114.00 "
"1","         383.75 "
"1","         982.00 "
"1","
"
"1","ENSG00000025796 "
"1","ENSG00000025800 "
"1","ENSG00000026025 "
"1","ENSG00000026036 "
"1","ENSG00000026103 "
"1","
"
"1","        3879.00 "
"1","        2180.00 "
"1","      110608.00 "
"1","         250.25 "
"1","        1210.00 "
"1","
"
"1","ENSG00000026297 "
"1","ENSG00000026508 "
"1","ENSG00000026559 "
"1","ENSG00000026652 "
"1","ENSG00000026751 "
"1","
"
"1","         266.75 "
"1","       26231.50 "
"1","          32.25 "
"1","         429.50 "
"1","           0.75 "
"1","
"
"1","ENSG00000026950 "
"1","ENSG00000027001 "
"1","ENSG00000027075 "
"1","ENSG00000027644 "
"1","ENSG00000027697 "
"1","
"
"1","         955.75 "
"1","         699.75 "
"1","          80.25 "
"1","           1.00 "
"1","        1331.25 "
"1","
"
"1","ENSG00000027847 "
"1","ENSG00000027869 "
"1","ENSG00000028116 "
"1","ENSG00000028137 "
"1","ENSG00000028203 "
"1","
"
"1","         472.25 "
"1","           0.50 "
"1","         278.25 "
"1","         405.25 "
"1","        1301.75 "
"1","
"
"1","ENSG00000028277 "
"1","ENSG00000028310 "
"1","ENSG00000028528 "
"1","ENSG00000028839 "
"1","ENSG00000029153 "
"1","
"
"1","          88.25 "
"1","         619.50 "
"1","        3785.25 "
"1","         540.00 "
"1","         372.50 "
"1","
"
"1","ENSG00000029363 "
"1","ENSG00000029364 "
"1","ENSG00000029534 "
"1","ENSG00000029559 "
"1","ENSG00000029639 "
"1","
"
"1","        3714.50 "
"1","        1564.25 "
"1","         105.50 "
"1","           1.25 "
"1","         119.00 "
"1","
"
"1","ENSG00000029725 "
"1","ENSG00000029993 "
"1","ENSG00000030066 "
"1","ENSG00000030110 "
"1","ENSG00000030304 "
"1","
"
"1","        2063.25 "
"1","         740.75 "
"1","         992.25 "
"1","         184.75 "
"1","          32.50 "
"1","
"
"1","ENSG00000030419 "
"1","ENSG00000030582 "
"1","ENSG00000031003 "
"1","ENSG00000031081 "
"1","ENSG00000031691 "
"1","
"
"1","         213.75 "
"1","       12420.25 "
"1","        1498.00 "
"1","         456.75 "
"1","          86.50 "
"1","
"
"1","ENSG00000031698 "
"1","ENSG00000031823 "
"1","ENSG00000032219 "
"1","ENSG00000032389 "
"1","ENSG00000032444 "
"1","
"
"1","        3590.75 "
"1","        2004.50 "
"1","         730.50 "
"1","         226.25 "
"1","        1522.00 "
"1","
"
"1","ENSG00000032742 "
"1","ENSG00000033011 "
"1","ENSG00000033030 "
"1","ENSG00000033050 "
"1","ENSG00000033100 "
"1","
"
"1","         304.50 "
"1","         567.00 "
"1","         414.50 "
"1","        1224.75 "
"1","        2486.50 "
"1","
"
"1","ENSG00000033122 "
"1","ENSG00000033170 "
"1","ENSG00000033178 "
"1","ENSG00000033327 "
"1","ENSG00000033627 "
"1","
"
"1","          10.25 "
"1","        1814.50 "
"1","        1161.25 "
"1","        1205.50 "
"1","         871.25 "
"1","
"
"1","ENSG00000033800 "
"1","ENSG00000033867 "
"1","ENSG00000034053 "
"1","ENSG00000034152 "
"1","ENSG00000034239 "
"1","
"
"1","        1071.25 "
"1","        3367.75 "
"1","          33.25 "
"1","         901.00 "
"1","          11.00 "
"1","
"
"1","ENSG00000034510 "
"1","ENSG00000034533 "
"1","ENSG00000034677 "
"1","ENSG00000034693 "
"1","ENSG00000034713 "
"1","
"
"1","       14673.75 "
"1","         161.50 "
"1","         865.75 "
"1","         418.50 "
"1","        1303.50 "
"1","
"
"1","ENSG00000034971 "
"1","ENSG00000035115 "
"1","ENSG00000035141 "
"1","ENSG00000035403 "
"1","ENSG00000035499 "
"1","
"
"1","         474.25 "
"1","         591.50 "
"1","         369.75 "
"1","       12770.25 "
"1","          17.75 "
"1","
"
"1","ENSG00000035664 "
"1","ENSG00000035681 "
"1","ENSG00000035687 "
"1","ENSG00000035720 "
"1","ENSG00000035862 "
"1","
"
"1","         395.00 "
"1","        1248.50 "
"1","        1004.25 "
"1","           0.00 "
"1","       58821.00 "
"1","
"
"1","ENSG00000035928 "
"1","ENSG00000036054 "
"1","ENSG00000036257 "
"1","ENSG00000036448 "
"1","ENSG00000036473 "
"1","
"
"1","        1124.25 "
"1","        1236.25 "
"1","        1889.75 "
"1","           4.75 "
"1","           0.25 "
"1","
"
"1","ENSG00000036530 "
"1","ENSG00000036549 "
"1","ENSG00000036565 "
"1","ENSG00000036672 "
"1","ENSG00000036828 "
"1","
"
"1","          49.00 "
"1","         916.75 "
"1","           3.00 "
"1","          15.00 "
"1","           0.00 "
"1","
"
"1","ENSG00000037042 "
"1","ENSG00000037241 "
"1","ENSG00000037280 "
"1","ENSG00000037474 "
"1","ENSG00000037637 "
"1","
"
"1","         480.25 "
"1","         286.75 "
"1","          11.25 "
"1","         803.25 "
"1","         608.75 "
"1","
"
"1","ENSG00000037749 "
"1","ENSG00000037757 "
"1","ENSG00000037897 "
"1","ENSG00000037965 "
"1","ENSG00000038002 "
"1","
"
"1","         460.25 "
"1","         364.25 "
"1","         109.25 "
"1","          23.25 "
"1","         712.75 "
"1","
"
"1","ENSG00000038210 "
"1","ENSG00000038219 "
"1","ENSG00000038274 "
"1","ENSG00000038295 "
"1","ENSG00000038358 "
"1","
"
"1","         368.25 "
"1","        2522.25 "
"1","        1492.75 "
"1","          13.25 "
"1","        1090.25 "
"1","
"
"1","ENSG00000038382 "
"1","ENSG00000038427 "
"1","ENSG00000038532 "
"1","ENSG00000038945 "
"1","ENSG00000039068 "
"1","
"
"1","        6787.25 "
"1","       11054.25 "
"1","         776.25 "
"1","         202.25 "
"1","          10.00 "
"1","
"
"1","ENSG00000039123 "
"1","ENSG00000039139 "
"1","ENSG00000039319 "
"1","ENSG00000039523 "
"1","ENSG00000039537 "
"1","
"
"1","        1544.75 "
"1","         247.00 "
"1","        1249.25 "
"1","        1797.25 "
"1","          10.50 "
"1","
"
"1","ENSG00000039560 "
"1","ENSG00000039600 "
"1","ENSG00000039650 "
"1","ENSG00000039987 "
"1","ENSG00000040199 "
"1","
"
"1","        4653.25 "
"1","           3.50 "
"1","         373.50 "
"1","           2.75 "
"1","         319.75 "
"1","
"
"1","ENSG00000040275 "
"1","ENSG00000040341 "
"1","ENSG00000040487 "
"1","ENSG00000040531 "
"1","ENSG00000040608 "
"1","
"
"1","         270.50 "
"1","         814.75 "
"1","         230.25 "
"1","         563.50 "
"1","           2.50 "
"1","
"
"1","ENSG00000040633 "
"1","ENSG00000040731 "
"1","ENSG00000040933 "
"1","ENSG00000041353 "
"1","ENSG00000041357 "
"1","
"
"1","         941.50 "
"1","         116.50 "
"1","         765.50 "
"1","         115.75 "
"1","        1358.50 "
"1","
"
"1","ENSG00000041515 "
"1","ENSG00000041802 "
"1","ENSG00000041880 "
"1","ENSG00000041982 "
"1","ENSG00000041988 "
"1","
"
"1","           2.50 "
"1","         586.25 "
"1","         391.25 "
"1","        4931.00 "
"1","         209.50 "
"1","
"
"1","ENSG00000042062 "
"1","ENSG00000042088 "
"1","ENSG00000042286 "
"1","ENSG00000042304 "
"1","ENSG00000042317 "
"1","
"
"1","        1476.50 "
"1","         253.00 "
"1","         489.00 "
"1","           3.25 "
"1","         242.50 "
"1","
"
"1","ENSG00000042429 "
"1","ENSG00000042445 "
"1","ENSG00000042493 "
"1","ENSG00000042753 "
"1","ENSG00000042781 "
"1","
"
"1","         417.25 "
"1","        1503.00 "
"1","        1048.00 "
"1","        1165.25 "
"1","           4.75 "
"1","
"
"1","ENSG00000042813 "
"1","ENSG00000042832 "
"1","ENSG00000042980 "
"1","ENSG00000043039 "
"1","ENSG00000043093 "
"1","
"
"1","           0.00 "
"1","          37.25 "
"1","          11.75 "
"1","           1.25 "
"1","         728.50 "
"1","
"
"1","ENSG00000043143 "
"1","ENSG00000043355 "
"1","ENSG00000043462 "
"1","ENSG00000043514 "
"1","ENSG00000043591 "
"1","
"
"1","        1492.75 "
"1","           0.00 "
"1","           0.00 "
"1","         265.00 "
"1","           1.00 "
"1","
"
"1","ENSG00000044012 "
"1","ENSG00000044090 "
"1","ENSG00000044115 "
"1","ENSG00000044446 "
"1","ENSG00000044459 "
"1","
"
"1","           0.00 "
"1","        1511.75 "
"1","        8465.00 "
"1","         419.75 "
"1","         594.00 "
"1","
"
"1","ENSG00000044524 "
"1","ENSG00000044574 "
"1","ENSG00000046604 "
"1","ENSG00000046647 "
"1","ENSG00000046651 "
"1","
"
"1","          51.25 "
"1","       16004.75 "
"1","          41.25 "
"1","         346.75 "
"1","         585.00 "
"1","
"
"1","ENSG00000046653 "
"1","ENSG00000046774 "
"1","ENSG00000046889 "
"1","ENSG00000047056 "
"1","ENSG00000047188 "
"1","
"
"1","         323.00 "
"1","           0.75 "
"1","          61.50 "
"1","         516.25 "
"1","         715.00 "
"1","
"
"1","ENSG00000047230 "
"1","ENSG00000047249 "
"1","ENSG00000047315 "
"1","ENSG00000047346 "
"1","ENSG00000047365 "
"1","
"
"1","         341.50 "
"1","         890.00 "
"1","        2555.50 "
"1","         806.25 "
"1","          65.25 "
"1","
"
"1","ENSG00000047410 "
"1","ENSG00000047457 "
"1","ENSG00000047578 "
"1","ENSG00000047579 "
"1","ENSG00000047597 "
"1","
"
"1","        5134.50 "
"1","          17.00 "
"1","         926.25 "
"1","         244.00 "
"1","           0.75 "
"1","
"
"1","ENSG00000047617 "
"1","ENSG00000047621 "
"1","ENSG00000047634 "
"1","ENSG00000047644 "
"1","ENSG00000047648 "
"1","
"
"1","           8.75 "
"1","         514.50 "
"1","         439.50 "
"1","        1476.50 "
"1","         484.50 "
"1","
"
"1","ENSG00000047662 "
"1","ENSG00000047849 "
"1","ENSG00000047932 "
"1","ENSG00000047936 "
"1","ENSG00000048028 "
"1","
"
"1","           6.25 "
"1","       16617.50 "
"1","        1732.25 "
"1","           1.75 "
"1","         537.50 "
"1","
"
"1","ENSG00000048052 "
"1","ENSG00000048140 "
"1","ENSG00000048162 "
"1","ENSG00000048342 "
"1","ENSG00000048392 "
"1","
"
"1","         482.25 "
"1","         895.00 "
"1","         171.25 "
"1","         992.25 "
"1","        1547.50 "
"1","
"
"1","ENSG00000048405 "
"1","ENSG00000048462 "
"1","ENSG00000048471 "
"1","ENSG00000048540 "
"1","ENSG00000048544 "
"1","
"
"1","         343.00 "
"1","           0.50 "
"1","        1920.75 "
"1","          43.00 "
"1","         782.75 "
"1","
"
"1","ENSG00000048545 "
"1","ENSG00000048649 "
"1","ENSG00000048707 "
"1","ENSG00000048740 "
"1","ENSG00000048828 "
"1","
"
"1","           8.25 "
"1","        1744.00 "
"1","        2546.00 "
"1","        4300.75 "
"1","        4403.00 "
"1","
"
"1","ENSG00000048991 "
"1","ENSG00000049089 "
"1","ENSG00000049130 "
"1","ENSG00000049167 "
"1","ENSG00000049192 "
"1","
"
"1","         631.00 "
"1","          98.50 "
"1","        3269.25 "
"1","         191.50 "
"1","         188.75 "
"1","
"
"1","ENSG00000049239 "
"1","ENSG00000049245 "
"1","ENSG00000049246 "
"1","ENSG00000049247 "
"1","ENSG00000049249 "
"1","
"
"1","        5652.00 "
"1","        3417.25 "
"1","         405.00 "
"1","           1.25 "
"1","          26.00 "
"1","
"
"1","ENSG00000049283 "
"1","ENSG00000049323 "
"1","ENSG00000049449 "
"1","ENSG00000049540 "
"1","ENSG00000049541 "
"1","
"
"1","          16.75 "
"1","       16639.50 "
"1","        6573.50 "
"1","        5546.00 "
"1","         166.25 "
"1","
"
"1","ENSG00000049618 "
"1","ENSG00000049656 "
"1","ENSG00000049759 "
"1","ENSG00000049768 "
"1","ENSG00000049769 "
"1","
"
"1","        1949.75 "
"1","        1134.00 "
"1","        1990.50 "
"1","           2.25 "
"1","         104.50 "
"1","
"
"1","ENSG00000049860 "
"1","ENSG00000049883 "
"1","ENSG00000050030 "
"1","ENSG00000050130 "
"1","ENSG00000050165 "
"1","
"
"1","        4768.25 "
"1","         402.75 "
"1","           0.00 "
"1","        1071.25 "
"1","       17283.25 "
"1","
"
"1","ENSG00000050327 "
"1","ENSG00000050344 "
"1","ENSG00000050393 "
"1","ENSG00000050405 "
"1","ENSG00000050426 "
"1","
"
"1","         370.75 "
"1","         229.25 "
"1","         549.25 "
"1","        9929.50 "
"1","        1020.50 "
"1","
"
"1","ENSG00000050438 "
"1","ENSG00000050555 "
"1","ENSG00000050628 "
"1","ENSG00000050730 "
"1","ENSG00000050748 "
"1","
"
"1","         124.25 "
"1","          91.00 "
"1","         386.25 "
"1","           9.75 "
"1","         992.25 "
"1","
"
"1","ENSG00000050767 "
"1","ENSG00000050820 "
"1","ENSG00000051009 "
"1","ENSG00000051108 "
"1","ENSG00000051128 "
"1","
"
"1","           0.00 "
"1","        1196.50 "
"1","         445.50 "
"1","        1906.75 "
"1","        1108.50 "
"1","
"
"1","ENSG00000051180 "
"1","ENSG00000051341 "
"1","ENSG00000051382 "
"1","ENSG00000051523 "
"1","ENSG00000051596 "
"1","
"
"1","          31.25 "
"1","          31.25 "
"1","         348.25 "
"1","         642.75 "
"1","         173.75 "
"1","
"
"1","ENSG00000051620 "
"1","ENSG00000051825 "
"1","ENSG00000052126 "
"1","ENSG00000052344 "
"1","ENSG00000052723 "
"1","
"
"1","        1067.75 "
"1","         281.50 "
"1","        1741.00 "
"1","           2.25 "
"1","         685.00 "
"1","
"
"1","ENSG00000052749 "
"1","ENSG00000052795 "
"1","ENSG00000052802 "
"1","ENSG00000052841 "
"1","ENSG00000052850 "
"1","
"
"1","         395.50 "
"1","         581.00 "
"1","         345.00 "
"1","        2704.00 "
"1","          19.50 "
"1","
"
"1","ENSG00000053108 "
"1","ENSG00000053254 "
"1","ENSG00000053328 "
"1","ENSG00000053371 "
"1","ENSG00000053372 "
"1","
"
"1","           4.00 "
"1","        3584.25 "
"1","          14.00 "
"1","         946.00 "
"1","         352.00 "
"1","
"
"1","ENSG00000053438 "
"1","ENSG00000053501 "
"1","ENSG00000053524 "
"1","ENSG00000053702 "
"1","ENSG00000053747 "
"1","
"
"1","          45.50 "
"1","         332.50 "
"1","          43.75 "
"1","          45.50 "
"1","         806.00 "
"1","
"
"1","ENSG00000053770 "
"1","ENSG00000053900 "
"1","ENSG00000053918 "
"1","ENSG00000054116 "
"1","ENSG00000054118 "
"1","
"
"1","         722.75 "
"1","         573.00 "
"1","           0.50 "
"1","         751.50 "
"1","        3102.50 "
"1","
"
"1","ENSG00000054148 "
"1","ENSG00000054179 "
"1","ENSG00000054219 "
"1","ENSG00000054267 "
"1","ENSG00000054277 "
"1","
"
"1","         986.25 "
"1","           3.00 "
"1","          32.75 "
"1","        1274.75 "
"1","         321.25 "
"1","
"
"1","ENSG00000054282 "
"1","ENSG00000054356 "
"1","ENSG00000054392 "
"1","ENSG00000054523 "
"1","ENSG00000054598 "
"1","
"
"1","         249.75 "
"1","          26.75 "
"1","          55.75 "
"1","        1640.50 "
"1","         536.75 "
"1","
"
"1","ENSG00000054611 "
"1","ENSG00000054654 "
"1","ENSG00000054690 "
"1","ENSG00000054793 "
"1","ENSG00000054796 "
"1","
"
"1","         647.50 "
"1","        1806.25 "
"1","          25.25 "
"1","        3191.50 "
"1","           0.25 "
"1","
"
"1","ENSG00000054803 "
"1","ENSG00000054938 "
"1","ENSG00000054965 "
"1","ENSG00000054967 "
"1","ENSG00000054983 "
"1","
"
"1","           0.00 "
"1","         136.50 "
"1","        2176.50 "
"1","          17.25 "
"1","         694.25 "
"1","
"
"1","ENSG00000055044 "
"1","ENSG00000055070 "
"1","ENSG00000055118 "
"1","ENSG00000055130 "
"1","ENSG00000055147 "
"1","
"
"1","         519.50 "
"1","        3674.75 "
"1","          21.50 "
"1","        1268.00 "
"1","         553.25 "
"1","
"
"1","ENSG00000055163 "
"1","ENSG00000055208 "
"1","ENSG00000055211 "
"1","ENSG00000055332 "
"1","ENSG00000055483 "
"1","
"
"1","         385.50 "
"1","        1736.25 "
"1","        2295.25 "
"1","        2280.00 "
"1","         855.00 "
"1","
"
"1","ENSG00000055609 "
"1","ENSG00000055732 "
"1","ENSG00000055813 "
"1","ENSG00000055917 "
"1","ENSG00000055950 "
"1","
"
"1","        2308.75 "
"1","         123.25 "
"1","          97.00 "
"1","        2324.75 "
"1","         754.00 "
"1","
"
"1","ENSG00000055955 "
"1","ENSG00000055957 "
"1","ENSG00000056050 "
"1","ENSG00000056097 "
"1","ENSG00000056277 "
"1","
"
"1","          19.00 "
"1","           0.00 "
"1","         348.25 "
"1","        3085.00 "
"1","         191.00 "
"1","
"
"1","ENSG00000056291 "
"1","ENSG00000056487 "
"1","ENSG00000056558 "
"1","ENSG00000056586 "
"1","ENSG00000056736 "
"1","
"
"1","           0.50 "
"1","           0.00 "
"1","         208.25 "
"1","        1354.75 "
"1","         107.00 "
"1","
"
"1","ENSG00000056972 "
"1","ENSG00000056998 "
"1","ENSG00000057019 "
"1","ENSG00000057149 "
"1","ENSG00000057252 "
"1","
"
"1","         502.50 "
"1","         257.25 "
"1","        2905.00 "
"1","           0.00 "
"1","        1032.00 "
"1","
"
"1","ENSG00000057294 "
"1","ENSG00000057468 "
"1","ENSG00000057593 "
"1","ENSG00000057608 "
"1","ENSG00000057657 "
"1","
"
"1","          12.75 "
"1","           4.50 "
"1","           6.50 "
"1","        3588.25 "
"1","         160.50 "
"1","
"
"1","ENSG00000057663 "
"1","ENSG00000057704 "
"1","ENSG00000057757 "
"1","ENSG00000057935 "
"1","ENSG00000058056 "
"1","
"
"1","         531.25 "
"1","          20.25 "
"1","         543.25 "
"1","         999.00 "
"1","         457.00 "
"1","
"
"1","ENSG00000058063 "
"1","ENSG00000058085 "
"1","ENSG00000058091 "
"1","ENSG00000058262 "
"1","ENSG00000058272 "
"1","
"
"1","        1667.00 "
"1","          55.75 "
"1","        1491.50 "
"1","       12534.75 "
"1","        1756.50 "
"1","
"
"1","ENSG00000058335 "
"1","ENSG00000058404 "
"1","ENSG00000058453 "
"1","ENSG00000058600 "
"1","ENSG00000058668 "
"1","
"
"1","           3.50 "
"1","           4.25 "
"1","         640.25 "
"1","         520.25 "
"1","       12119.50 "
"1","
"
"1","ENSG00000058673 "
"1","ENSG00000058729 "
"1","ENSG00000058799 "
"1","ENSG00000058804 "
"1","ENSG00000058866 "
"1","
"
"1","        4413.25 "
"1","         457.25 "
"1","         423.50 "
"1","         276.50 "
"1","           6.75 "
"1","
"
"1","ENSG00000059122 "
"1","ENSG00000059145 "
"1","ENSG00000059377 "
"1","ENSG00000059378 "
"1","ENSG00000059573 "
"1","
"
"1","        1334.00 "
"1","         573.50 "
"1","          16.50 "
"1","         260.75 "
"1","        1739.75 "
"1","
"
"1","ENSG00000059588 "
"1","ENSG00000059691 "
"1","ENSG00000059728 "
"1","ENSG00000059758 "
"1","ENSG00000059769 "
"1","
"
"1","         414.25 "
"1","         389.50 "
"1","         208.25 "
"1","        1034.25 "
"1","         306.00 "
"1","
"
"1","ENSG00000059804 "
"1","ENSG00000059915 "
"1","ENSG00000060069 "
"1","ENSG00000060138 "
"1","ENSG00000060140 "
"1","
"
"1","        1262.00 "
"1","         179.25 "
"1","         465.25 "
"1","        4401.25 "
"1","           2.50 "
"1","
"
"1","ENSG00000060237 "
"1","ENSG00000060303 "
"1","ENSG00000060339 "
"1","ENSG00000060491 "
"1","ENSG00000060558 "
"1","
"
"1","        6097.00 "
"1","           0.00 "
"1","        1724.50 "
"1","         971.75 "
"1","           0.50 "
"1","
"
"1","ENSG00000060566 "
"1","ENSG00000060642 "
"1","ENSG00000060656 "
"1","ENSG00000060688 "
"1","ENSG00000060709 "
"1","
"
"1","           0.25 "
"1","         289.50 "
"1","         420.50 "
"1","         498.25 "
"1","           0.50 "
"1","
"
"1","ENSG00000060718 "
"1","ENSG00000060749 "
"1","ENSG00000060762 "
"1","ENSG00000060971 "
"1","ENSG00000060982 "
"1","
"
"1","         129.25 "
"1","        1121.50 "
"1","         272.25 "
"1","         790.50 "
"1","        2791.50 "
"1","
"
"1","ENSG00000061273 "
"1","ENSG00000061337 "
"1","ENSG00000061455 "
"1","ENSG00000061492 "
"1","ENSG00000061656 "
"1","
"
"1","        2677.75 "
"1","          98.75 "
"1","        1147.25 "
"1","           0.00 "
"1","          81.25 "
"1","
"
"1","ENSG00000061676 "
"1","ENSG00000061794 "
"1","ENSG00000061918 "
"1","ENSG00000061936 "
"1","ENSG00000061938 "
"1","
"
"1","        5454.75 "
"1","         556.50 "
"1","        1745.75 "
"1","         880.75 "
"1","         592.50 "
"1","
"
"1","ENSG00000061987 "
"1","ENSG00000062038 "
"1","ENSG00000062096 "
"1","ENSG00000062194 "
"1","ENSG00000062282 "
"1","
"
"1","        1536.25 "
"1","           8.25 "
"1","           1.50 "
"1","        1213.25 "
"1","          35.00 "
"1","
"
"1","ENSG00000062370 "
"1","ENSG00000062485 "
"1","ENSG00000062524 "
"1","ENSG00000062582 "
"1","ENSG00000062598 "
"1","
"
"1","         174.75 "
"1","        2036.50 "
"1","           2.00 "
"1","         691.50 "
"1","        1217.50 "
"1","
"
"1","ENSG00000062650 "
"1","ENSG00000062716 "
"1","ENSG00000062725 "
"1","ENSG00000062822 "
"1","ENSG00000063015 "
"1","
"
"1","        1139.25 "
"1","        2824.00 "
"1","        1934.50 "
"1","         163.75 "
"1","           2.50 "
"1","
"
"1","ENSG00000063046 "
"1","ENSG00000063127 "
"1","ENSG00000063169 "
"1","ENSG00000063176 "
"1","ENSG00000063177 "
"1","
"
"1","       14520.25 "
"1","          33.50 "
"1","         264.75 "
"1","         314.50 "
"1","        8800.75 "
"1","
"
"1","ENSG00000063180 "
"1","ENSG00000063241 "
"1","ENSG00000063244 "
"1","ENSG00000063245 "
"1","ENSG00000063322 "
"1","
"
"1","         149.25 "
"1","         402.00 "
"1","        2241.25 "
"1","        2392.25 "
"1","        1521.00 "
"1","
"
"1","ENSG00000063438 "
"1","ENSG00000063515 "
"1","ENSG00000063587 "
"1","ENSG00000063601 "
"1","ENSG00000063660 "
"1","
"
"1","         814.00 "
"1","           0.00 "
"1","         568.50 "
"1","         781.75 "
"1","        5604.50 "
"1","
"
"1","ENSG00000063761 "
"1","ENSG00000063854 "
"1","ENSG00000063978 "
"1","ENSG00000064012 "
"1","ENSG00000064042 "
"1","
"
"1","         120.75 "
"1","         378.25 "
"1","        1246.75 "
"1","         395.50 "
"1","         429.50 "
"1","
"
"1","ENSG00000064102 "
"1","ENSG00000064115 "
"1","ENSG00000064195 "
"1","ENSG00000064199 "
"1","ENSG00000064201 "
"1","
"
"1","         415.50 "
"1","        1074.75 "
"1","           0.00 "
"1","         204.75 "
"1","          30.00 "
"1","
"
"1","ENSG00000064205 "
"1","ENSG00000064218 "
"1","ENSG00000064225 "
"1","ENSG00000064270 "
"1","ENSG00000064300 "
"1","
"
"1","        2733.00 "
"1","           0.00 "
"1","          46.00 "
"1","           7.25 "
"1","           1.50 "
"1","
"
"1","ENSG00000064309 "
"1","ENSG00000064313 "
"1","ENSG00000064393 "
"1","ENSG00000064419 "
"1","ENSG00000064489 "
"1","
"
"1","         618.25 "
"1","         829.00 "
"1","        2242.50 "
"1","        1457.25 "
"1","         110.50 "
"1","
"
"1","ENSG00000064490 "
"1","ENSG00000064545 "
"1","ENSG00000064547 "
"1","ENSG00000064601 "
"1","ENSG00000064607 "
"1","
"
"1","         384.75 "
"1","         327.50 "
"1","          43.50 "
"1","       11122.00 "
"1","        1749.75 "
"1","
"
"1","ENSG00000064651 "
"1","ENSG00000064652 "
"1","ENSG00000064655 "
"1","ENSG00000064666 "
"1","ENSG00000064687 "
"1","
"
"1","         540.75 "
"1","         265.50 "
"1","         104.25 "
"1","        7533.50 "
"1","         199.75 "
"1","
"
"1","ENSG00000064692 "
"1","ENSG00000064703 "
"1","ENSG00000064726 "
"1","ENSG00000064763 "
"1","ENSG00000064787 "
"1","
"
"1","          94.75 "
"1","         317.00 "
"1","        2141.25 "
"1","         274.25 "
"1","          11.75 "
"1","
"
"1","ENSG00000064835 "
"1","ENSG00000064886 "
"1","ENSG00000064932 "
"1","ENSG00000064933 "
"1","ENSG00000064961 "
"1","
"
"1","           0.00 "
"1","        1433.00 "
"1","         579.25 "
"1","         406.50 "
"1","        1155.25 "
"1","
"
"1","ENSG00000064989 "
"1","ENSG00000064995 "
"1","ENSG00000064999 "
"1","ENSG00000065000 "
"1","ENSG00000065029 "
"1","
"
"1","          44.25 "
"1","         278.00 "
"1","         709.50 "
"1","        4389.25 "
"1","         487.00 "
"1","
"
"1","ENSG00000065054 "
"1","ENSG00000065057 "
"1","ENSG00000065060 "
"1","ENSG00000065135 "
"1","ENSG00000065150 "
"1","
"
"1","         964.00 "
"1","         128.50 "
"1","         431.25 "
"1","        1973.50 "
"1","        4815.75 "
"1","
"
"1","ENSG00000065154 "
"1","ENSG00000065183 "
"1","ENSG00000065243 "
"1","ENSG00000065268 "
"1","ENSG00000065308 "
"1","
"
"1","        3001.50 "
"1","         548.75 "
"1","        1491.75 "
"1","         269.00 "
"1","        9972.50 "
"1","
"
"1","ENSG00000065320 "
"1","ENSG00000065325 "
"1","ENSG00000065328 "
"1","ENSG00000065357 "
"1","ENSG00000065361 "
"1","
"
"1","        3726.50 "
"1","           4.75 "
"1","          10.75 "
"1","        1041.50 "
"1","          28.25 "
"1","
"
"1","ENSG00000065371 "
"1","ENSG00000065413 "
"1","ENSG00000065427 "
"1","ENSG00000065457 "
"1","ENSG00000065485 "
"1","
"
"1","           0.25 "
"1","         307.50 "
"1","        1992.50 "
"1","         285.00 "
"1","         850.50 "
"1","
"
"1","ENSG00000065491 "
"1","ENSG00000065518 "
"1","ENSG00000065526 "
"1","ENSG00000065534 "
"1","ENSG00000065548 "
"1","
"
"1","         388.00 "
"1","         863.00 "
"1","        1205.00 "
"1","       19881.75 "
"1","        1020.00 "
"1","
"
"1","ENSG00000065559 "
"1","ENSG00000065600 "
"1","ENSG00000065609 "
"1","ENSG00000065613 "
"1","ENSG00000065615 "
"1","
"
"1","         633.50 "
"1","         110.75 "
"1","           0.75 "
"1","        1881.00 "
"1","         372.75 "
"1","
"
"1","ENSG00000065618 "
"1","ENSG00000065621 "
"1","ENSG00000065665 "
"1","ENSG00000065675 "
"1","ENSG00000065717 "
"1","
"
"1","           4.75 "
"1","          99.00 "
"1","         178.25 "
"1","           0.50 "
"1","         195.00 "
"1","
"
"1","ENSG00000065802 "
"1","ENSG00000065809 "
"1","ENSG00000065833 "
"1","ENSG00000065882 "
"1","ENSG00000065883 "
"1","
"
"1","        1170.75 "
"1","        3443.50 "
"1","         902.50 "
"1","         758.25 "
"1","        1176.50 "
"1","
"
"1","ENSG00000065911 "
"1","ENSG00000065923 "
"1","ENSG00000065970 "
"1","ENSG00000065978 "
"1","ENSG00000065989 "
"1","
"
"1","         693.75 "
"1","        1309.00 "
"1","         802.25 "
"1","       11348.75 "
"1","         713.25 "
"1","
"
"1","ENSG00000066027 "
"1","ENSG00000066032 "
"1","ENSG00000066044 "
"1","ENSG00000066056 "
"1","ENSG00000066084 "
"1","
"
"1","         720.50 "
"1","           2.25 "
"1","        1138.75 "
"1","           6.00 "
"1","        1124.50 "
"1","
"
"1","ENSG00000066117 "
"1","ENSG00000066135 "
"1","ENSG00000066136 "
"1","ENSG00000066185 "
"1","ENSG00000066230 "
"1","
"
"1","         856.25 "
"1","        1238.00 "
"1","         500.25 "
"1","          22.25 "
"1","         153.50 "
"1","
"
"1","ENSG00000066248 "
"1","ENSG00000066279 "
"1","ENSG00000066294 "
"1","ENSG00000066322 "
"1","ENSG00000066336 "
"1","
"
"1","           3.00 "
"1","         166.25 "
"1","           8.50 "
"1","         924.00 "
"1","           1.25 "
"1","
"
"1","ENSG00000066379 "
"1","ENSG00000066382 "
"1","ENSG00000066405 "
"1","ENSG00000066422 "
"1","ENSG00000066427 "
"1","
"
"1","          20.50 "
"1","          24.25 "
"1","          30.50 "
"1","         633.00 "
"1","         742.00 "
"1","
"
"1","ENSG00000066455 "
"1","ENSG00000066468 "
"1","ENSG00000066557 "
"1","ENSG00000066583 "
"1","ENSG00000066629 "
"1","
"
"1","        1472.25 "
"1","          52.50 "
"1","         334.25 "
"1","         314.75 "
"1","        2947.50 "
"1","
"
"1","ENSG00000066651 "
"1","ENSG00000066654 "
"1","ENSG00000066697 "
"1","ENSG00000066735 "
"1","ENSG00000066739 "
"1","
"
"1","         247.75 "
"1","         819.00 "
"1","        1082.00 "
"1","           4.00 "
"1","        1630.75 "
"1","
"
"1","ENSG00000066777 "
"1","ENSG00000066813 "
"1","ENSG00000066827 "
"1","ENSG00000066855 "
"1","ENSG00000066923 "
"1","
"
"1","        1649.25 "
"1","          16.50 "
"1","         256.75 "
"1","         318.50 "
"1","         205.00 "
"1","
"
"1","ENSG00000066926 "
"1","ENSG00000066933 "
"1","ENSG00000067048 "
"1","ENSG00000067057 "
"1","ENSG00000067064 "
"1","
"
"1","         565.50 "
"1","        1139.25 "
"1","        1043.00 "
"1","        2305.25 "
"1","         432.50 "
"1","
"
"1","ENSG00000067066 "
"1","ENSG00000067082 "
"1","ENSG00000067113 "
"1","ENSG00000067141 "
"1","ENSG00000067167 "
"1","
"
"1","        2290.00 "
"1","        2327.25 "
"1","        2424.00 "
"1","        1286.50 "
"1","       12205.75 "
"1","
"
"1"," [ reached getOption(""max.print"") -- omitted 37694 entries ]
"
